Order_ID,Order_Date,Region,Product,Category,Quantity,Unit_Price,Discount,Revenue,Cost,Profit,Sales_Channel
1,2023-07-14,East,Tablet,Electronics,2,400,0.0,800.0,480.0,320.0,Online
2,2023-08-21,North,Headphones,Accessories,4,150,0.1,540.0,360.0,180.0,Online
3,2023-09-03,South,Headphones,Accessories,2,150,0.15,255.0,180.0,75.0,In-Store
4,2023-01-25,West,Laptop,Electronics,1,800,0.15,680.0,480.0,200.0,In-Store
5,2023-01-10,South,Headphones,Accessories,5,150,0.0,750.0,450.0,300.0,Online
6,2023-06-05,South,Phone,Electronics,3,600,0.05,1710.0,1080.0,630.0,Online
7,2023-10-22,East,Monitor,Electronics,5,300,0.0,1500.0,900.0,600.0,In-Store
8,2023-01-22,North,Tablet,Electronics,1,400,0.1,360.0,240.0,120.0,In-Store
9,2023-01-26,South,Phone,Electronics,1,600,0.0,600.0,360.0,240.0,Online
10,2023-10-17,North,Phone,Electronics,1,600,0.05,570.0,360.0,210.0,In-Store
11,2023-07-27,West,Phone,Electronics,5,600,0.05,2850.0,1800.0,1050.0,Online
12,2023-03-25,North,Tablet,Electronics,1,400,0.1,360.0,240.0,120.0,Online
13,2023-11-23,North,Tablet,Electronics,1,400,0.0,400.0,240.0,160.0,Online
14,2023-01-20,East,Tablet,Electronics,3,400,0.05,1140.0,720.0,420.0,Online
15,2023-03-27,West,Phone,Electronics,3,600,0.15,1530.0,1080.0,450.0,Online
16,2023-08-22,North,Phone,Electronics,2,600,0.05,1140.0,720.0,420.0,Online
17,2023-10-25,North,Phone,Electronics,4,600,0.05,2280.0,1440.0,840.0,Online
18,2023-09-10,East,Laptop,Electronics,3,800,0.15,2040.0,1440.0,600.0,In-Store
19,2023-03-11,South,Tablet,Electronics,1,400,0.15,340.0,240.0,100.0,Online
20,2023-04-03,East,Monitor,Electronics,4,300,0.05,1140.0,720.0,420.0,Online
21,2023-07-29,North,Tablet,Electronics,2,400,0.15,680.0,480.0,200.0,Online
22,2023-08-13,West,Headphones,Accessories,2,150,0.05,285.0,180.0,105.0,Online
23,2023-12-07,West,Phone,Electronics,5,600,0.15,2550.0,1800.0,750.0,Online
24,2023-10-31,West,Headphones,Accessories,2,150,0.0,300.0,180.0,120.0,Online
25,2023-10-18,East,Phone,Electronics,4,600,0.1,2160.0,1440.0,720.0,Online
26,2023-01-31,East,Tablet,Electronics,5,400,0.0,2000.0,1200.0,800.0,In-Store
27,2023-10-11,South,Phone,Electronics,5,600,0.0,3000.0,1800.0,1200.0,Online
28,2023-02-21,North,Phone,Electronics,2,600,0.05,1140.0,720.0,420.0,Online
29,2023-10-16,South,Phone,Electronics,1,600,0.15,510.0,360.0,150.0,In-Store
30,2023-09-11,East,Headphones,Accessories,2,150,0.1,270.0,180.0,90.0,Online
31,2023-05-24,East,Laptop,Electronics,3,800,0.05,2280.0,1440.0,840.0,Online
32,2023-10-11,North,Tablet,Electronics,3,400,0.1,1080.0,720.0,360.0,In-Store
33,2023-10-29,South,Tablet,Electronics,4,400,0.05,1520.0,960.0,560.0,Online
34,2023-09-08,West,Laptop,Electronics,1,800,0.1,720.0,480.0,240.0,Online
35,2023-01-09,East,Phone,Electronics,1,600,0.15,510.0,360.0,150.0,In-Store
36,2023-05-28,North,Headphones,Accessories,5,150,0.15,637.5,450.0,187.5,In-Store
37,2023-10-07,West,Laptop,Electronics,3,800,0.15,2040.0,1440.0,600.0,Online
38,2023-04-28,North,Monitor,Electronics,4,300,0.1,1080.0,720.0,360.0,Online
39,2023-12-22,West,Headphones,Accessories,5,150,0.05,712.5,450.0,262.5,Online
40,2023-04-26,North,Phone,Electronics,5,600,0.15,2550.0,1800.0,750.0,In-Store
41,2023-07-06,North,Phone,Electronics,5,600,0.1,2700.0,1800.0,900.0,In-Store
42,2023-01-09,South,Laptop,Electronics,3,800,0.05,2280.0,1440.0,840.0,Online
43,2023-11-06,North,Phone,Electronics,1,600,0.0,600.0,360.0,240.0,Online
44,2023-09-14,West,Headphones,Accessories,1,150,0.0,150.0,90.0,60.0,Online
45,2023-12-15,North,Laptop,Electronics,2,800,0.0,1600.0,960.0,640.0,In-Store
46,2023-09-06,South,Phone,Electronics,5,600,0.15,2550.0,1800.0,750.0,In-Store
47,2023-01-24,North,Phone,Electronics,1,600,0.05,570.0,360.0,210.0,Online
48,2023-03-04,South,Monitor,Electronics,4,300,0.1,1080.0,720.0,360.0,In-Store
49,2023-12-13,North,Laptop,Electronics,1,800,0.05,760.0,480.0,280.0,Online
50,2023-07-08,West,Tablet,Electronics,1,400,0.1,360.0,240.0,120.0,In-Store
51,2023-05-04,East,Headphones,Accessories,5,150,0.0,750.0,450.0,300.0,Online
52,2023-04-19,East,Tablet,Electronics,3,400,0.0,1200.0,720.0,480.0,In-Store
53,2023-06-09,South,Monitor,Electronics,5,300,0.15,1275.0,900.0,375.0,In-Store
54,2023-10-11,East,Tablet,Electronics,1,400,0.0,400.0,240.0,160.0,In-Store
55,2023-01-04,East,Headphones,Accessories,1,150,0.05,142.5,90.0,52.5,In-Store
56,2023-07-20,North,Laptop,Electronics,4,800,0.15,2720.0,1920.0,800.0,Online
57,2023-12-18,South,Tablet,Electronics,2,400,0.0,800.0,480.0,320.0,Online
58,2023-11-24,West,Tablet,Electronics,4,400,0.1,1440.0,960.0,480.0,In-Store
59,2023-01-18,East,Monitor,Electronics,1,300,0.15,255.0,180.0,75.0,In-Store
60,2023-03-09,West,Tablet,Electronics,5,400,0.1,1800.0,1200.0,600.0,Online
61,2023-07-25,West,Headphones,Accessories,1,150,0.0,150.0,90.0,60.0,Online
62,2023-07-14,South,Headphones,Accessories,1,150,0.1,135.0,90.0,45.0,Online
63,2023-09-29,South,Tablet,Electronics,3,400,0.1,1080.0,720.0,360.0,Online
64,2023-12-06,North,Monitor,Electronics,1,300,0.0,300.0,180.0,120.0,Online
65,2023-01-20,North,Tablet,Electronics,2,400,0.0,800.0,480.0,320.0,Online
66,2023-08-22,North,Tablet,Electronics,2,400,0.05,760.0,480.0,280.0,In-Store
67,2023-11-19,West,Monitor,Electronics,5,300,0.05,1425.0,900.0,525.0,Online
68,2023-06-06,North,Tablet,Electronics,4,400,0.05,1520.0,960.0,560.0,In-Store
69,2023-01-03,East,Phone,Electronics,1,600,0.1,540.0,360.0,180.0,In-Store
70,2023-11-20,North,Headphones,Accessories,4,150,0.1,540.0,360.0,180.0,Online
71,2023-06-26,North,Phone,Electronics,1,600,0.05,570.0,360.0,210.0,In-Store
72,2023-03-20,North,Laptop,Electronics,5,800,0.15,3400.0,2400.0,1000.0,Online
73,2023-06-09,North,Laptop,Electronics,4,800,0.0,3200.0,1920.0,1280.0,In-Store
74,2023-02-06,East,Laptop,Electronics,2,800,0.05,1520.0,960.0,560.0,In-Store
75,2023-06-12,West,Headphones,Accessories,3,150,0.0,450.0,270.0,180.0,Online
76,2023-10-14,North,Headphones,Accessories,2,150,0.05,285.0,180.0,105.0,Online
77,2023-02-06,West,Headphones,Accessories,2,150,0.0,300.0,180.0,120.0,Online
78,2023-08-22,North,Headphones,Accessories,5,150,0.15,637.5,450.0,187.5,In-Store
79,2023-12-08,South,Laptop,Electronics,3,800,0.1,2160.0,1440.0,720.0,In-Store
80,2023-03-22,North,Tablet,Electronics,1,400,0.0,400.0,240.0,160.0,In-Store
81,2023-03-12,East,Phone,Electronics,5,600,0.15,2550.0,1800.0,750.0,Online
82,2023-08-08,East,Laptop,Electronics,2,800,0.15,1360.0,960.0,400.0,Online
83,2023-06-14,East,Tablet,Electronics,3,400,0.05,1140.0,720.0,420.0,Online
84,2023-06-26,North,Headphones,Accessories,5,150,0.0,750.0,450.0,300.0,Online
85,2023-08-10,North,Headphones,Accessories,1,150,0.0,150.0,90.0,60.0,In-Store
86,2023-08-19,South,Phone,Electronics,2,600,0.05,1140.0,720.0,420.0,Online
87,2023-06-19,South,Tablet,Electronics,3,400,0.0,1200.0,720.0,480.0,Online
88,2023-09-23,North,Phone,Electronics,3,600,0.0,1800.0,1080.0,720.0,In-Store
89,2023-11-06,South,Tablet,Electronics,2,400,0.1,720.0,480.0,240.0,In-Store
90,2023-07-05,West,Laptop,Electronics,1,800,0.1,720.0,480.0,240.0,In-Store
91,2023-01-03,North,Phone,Electronics,5,600,0.05,2850.0,1800.0,1050.0,Online
92,2023-03-31,North,Tablet,Electronics,3,400,0.0,1200.0,720.0,480.0,In-Store
93,2023-12-17,South,Phone,Electronics,5,600,0.05,2850.0,1800.0,1050.0,In-Store
94,2023-09-23,North,Monitor,Electronics,5,300,0.0,1500.0,900.0,600.0,Online
95,2023-01-19,North,Tablet,Electronics,2,400,0.15,680.0,480.0,200.0,Online
96,2023-12-26,West,Monitor,Electronics,4,300,0.0,1200.0,720.0,480.0,In-Store
97,2023-04-22,West,Headphones,Accessories,3,150,0.0,450.0,270.0,180.0,Online
98,2023-04-11,East,Headphones,Accessories,1,150,0.05,142.5,90.0,52.5,Online
99,2023-08-29,West,Headphones,Accessories,2,150,0.05,285.0,180.0,105.0,Online
100,2023-10-10,West,Monitor,Electronics,3,300,0.1,810.0,540.0,270.0,Online
101,2023-03-15,West,Phone,Electronics,5,600,0.15,2550.0,1800.0,750.0,Online
102,2023-09-11,East,Laptop,Electronics,2,800,0.1,1440.0,960.0,480.0,Online
103,2023-05-19,South,Headphones,Accessories,5,150,0.1,675.0,450.0,225.0,Online
104,2023-04-23,South,Headphones,Accessories,4,150,0.1,540.0,360.0,180.0,In-Store
105,2023-07-05,South,Monitor,Electronics,5,300,0.1,1350.0,900.0,450.0,In-Store
106,2023-08-05,East,Headphones,Accessories,4,150,0.0,600.0,360.0,240.0,In-Store
107,2023-04-19,East,Phone,Electronics,4,600,0.0,2400.0,1440.0,960.0,Online
108,2023-08-06,West,Phone,Electronics,4,600,0.1,2160.0,1440.0,720.0,In-Store
109,2023-07-09,South,Phone,Electronics,4,600,0.05,2280.0,1440.0,840.0,Online
110,2023-03-29,West,Tablet,Electronics,1,400,0.05,380.0,240.0,140.0,In-Store
111,2023-03-18,West,Headphones,Accessories,4,150,0.15,510.0,360.0,150.0,In-Store
112,2023-02-16,West,Tablet,Electronics,3,400,0.15,1020.0,720.0,300.0,Online
113,2023-01-19,South,Tablet,Electronics,1,400,0.0,400.0,240.0,160.0,In-Store
114,2023-10-14,East,Tablet,Electronics,3,400,0.05,1140.0,720.0,420.0,In-Store
115,2023-05-29,South,Headphones,Accessories,3,150,0.0,450.0,270.0,180.0,In-Store
116,2023-05-11,West,Tablet,Electronics,4,400,0.1,1440.0,960.0,480.0,Online
117,2023-06-04,North,Monitor,Electronics,1,300,0.0,300.0,180.0,120.0,In-Store
118,2023-04-25,South,Monitor,Electronics,5,300,0.15,1275.0,900.0,375.0,Online
119,2023-10-27,South,Monitor,Electronics,4,300,0.0,1200.0,720.0,480.0,Online
120,2023-07-29,West,Laptop,Electronics,4,800,0.0,3200.0,1920.0,1280.0,Online
121,2023-12-13,West,Monitor,Electronics,5,300,0.05,1425.0,900.0,525.0,Online
122,2023-10-27,West,Phone,Electronics,3,600,0.0,1800.0,1080.0,720.0,Online
123,2023-12-23,South,Phone,Electronics,1,600,0.0,600.0,360.0,240.0,Online
124,2023-06-08,South,Laptop,Electronics,4,800,0.0,3200.0,1920.0,1280.0,In-Store
125,2023-04-14,North,Laptop,Electronics,5,800,0.15,3400.0,2400.0,1000.0,Online
126,2023-12-13,North,Tablet,Electronics,2,400,0.1,720.0,480.0,240.0,Online
127,2023-03-22,North,Headphones,Accessories,5,150,0.0,750.0,450.0,300.0,In-Store
128,2023-09-04,West,Tablet,Electronics,1,400,0.05,380.0,240.0,140.0,Online
129,2023-07-19,South,Headphones,Accessories,1,150,0.15,127.5,90.0,37.5,In-Store
130,2023-10-09,South,Monitor,Electronics,4,300,0.1,1080.0,720.0,360.0,In-Store
131,2023-12-08,East,Headphones,Accessories,3,150,0.05,427.5,270.0,157.5,Online
132,2023-12-05,South,Laptop,Electronics,1,800,0.15,680.0,480.0,200.0,In-Store
133,2023-12-06,West,Monitor,Electronics,5,300,0.05,1425.0,900.0,525.0,In-Store
134,2023-01-24,South,Headphones,Accessories,5,150,0.05,712.5,450.0,262.5,Online
135,2023-02-03,West,Tablet,Electronics,5,400,0.05,1900.0,1200.0,700.0,Online
136,2023-07-02,North,Monitor,Electronics,1,300,0.0,300.0,180.0,120.0,Online
137,2023-07-23,East,Tablet,Electronics,4,400,0.15,1360.0,960.0,400.0,Online
138,2023-01-03,South,Laptop,Electronics,4,800,0.0,3200.0,1920.0,1280.0,In-Store
139,2023-08-28,East,Tablet,Electronics,5,400,0.0,2000.0,1200.0,800.0,In-Store
140,2023-04-26,North,Headphones,Accessories,3,150,0.0,450.0,270.0,180.0,Online
141,2023-01-29,East,Tablet,Electronics,2,400,0.1,720.0,480.0,240.0,In-Store
142,2023-02-12,West,Phone,Electronics,5,600,0.05,2850.0,1800.0,1050.0,Online
143,2023-01-30,South,Tablet,Electronics,4,400,0.1,1440.0,960.0,480.0,In-Store
144,2023-01-09,East,Phone,Electronics,5,600,0.15,2550.0,1800.0,750.0,Online
145,2023-02-26,North,Headphones,Accessories,2,150,0.1,270.0,180.0,90.0,In-Store
146,2023-10-08,West,Phone,Electronics,5,600,0.05,2850.0,1800.0,1050.0,Online
147,2023-07-26,South,Laptop,Electronics,4,800,0.15,2720.0,1920.0,800.0,Online
148,2023-06-24,South,Headphones,Accessories,1,150,0.1,135.0,90.0,45.0,Online
149,2023-12-06,West,Monitor,Electronics,4,300,0.1,1080.0,720.0,360.0,In-Store
150,2023-06-02,South,Laptop,Electronics,5,800,0.15,3400.0,2400.0,1000.0,Online
151,2023-07-05,East,Monitor,Electronics,2,300,0.15,510.0,360.0,150.0,Online
152,2023-01-20,East,Phone,Electronics,4,600,0.0,2400.0,1440.0,960.0,In-Store
153,2023-07-14,South,Headphones,Accessories,1,150,0.15,127.5,90.0,37.5,Online
154,2023-03-30,West,Tablet,Electronics,4,400,0.1,1440.0,960.0,480.0,In-Store
155,2023-05-02,North,Headphones,Accessories,2,150,0.15,255.0,180.0,75.0,Online
156,2023-09-20,East,Monitor,Electronics,4,300,0.15,1020.0,720.0,300.0,In-Store
157,2023-04-27,North,Headphones,Accessories,3,150,0.1,405.0,270.0,135.0,Online
158,2023-03-18,South,Monitor,Electronics,2,300,0.1,540.0,360.0,180.0,In-Store
159,2023-06-16,West,Laptop,Electronics,1,800,0.0,800.0,480.0,320.0,In-Store
160,2023-04-29,North,Laptop,Electronics,3,800,0.1,2160.0,1440.0,720.0,In-Store
161,2023-05-08,South,Headphones,Accessories,4,150,0.1,540.0,360.0,180.0,In-Store
162,2023-01-29,South,Headphones,Accessories,3,150,0.05,427.5,270.0,157.5,In-Store
163,2023-01-26,North,Headphones,Accessories,5,150,0.05,712.5,450.0,262.5,In-Store
164,2023-01-07,North,Laptop,Electronics,5,800,0.1,3600.0,2400.0,1200.0,In-Store
165,2023-12-07,West,Monitor,Electronics,5,300,0.15,1275.0,900.0,375.0,Online
166,2023-06-21,West,Laptop,Electronics,4,800,0.05,3040.0,1920.0,1120.0,In-Store
167,2023-07-04,South,Monitor,Electronics,3,300,0.1,810.0,540.0,270.0,Online
168,2023-10-12,North,Phone,Electronics,5,600,0.15,2550.0,1800.0,750.0,In-Store
169,2023-04-27,West,Tablet,Electronics,3,400,0.1,1080.0,720.0,360.0,Online
170,2023-10-12,South,Laptop,Electronics,3,800,0.0,2400.0,1440.0,960.0,In-Store
171,2023-07-21,West,Monitor,Electronics,3,300,0.15,765.0,540.0,225.0,In-Store
172,2023-03-21,South,Monitor,Electronics,3,300,0.05,855.0,540.0,315.0,In-Store
173,2023-03-19,North,Monitor,Electronics,4,300,0.1,1080.0,720.0,360.0,Online
174,2023-07-31,South,Laptop,Electronics,5,800,0.15,3400.0,2400.0,1000.0,Online
175,2023-05-08,West,Headphones,Accessories,3,150,0.15,382.5,270.0,112.5,In-Store
176,2023-02-23,West,Tablet,Electronics,3,400,0.0,1200.0,720.0,480.0,In-Store
177,2023-01-27,South,Laptop,Electronics,3,800,0.15,2040.0,1440.0,600.0,In-Store
178,2023-09-15,South,Phone,Electronics,4,600,0.1,2160.0,1440.0,720.0,Online
179,2023-08-19,East,Headphones,Accessories,1,150,0.0,150.0,90.0,60.0,Online
180,2023-08-26,North,Monitor,Electronics,2,300,0.0,600.0,360.0,240.0,In-Store
181,2023-03-07,West,Laptop,Electronics,2,800,0.05,1520.0,960.0,560.0,Online
182,2023-04-23,South,Phone,Electronics,2,600,0.15,1020.0,720.0,300.0,Online
183,2023-10-28,North,Phone,Electronics,5,600,0.05,2850.0,1800.0,1050.0,In-Store
184,2023-03-23,North,Tablet,Electronics,1,400,0.15,340.0,240.0,100.0,In-Store
185,2023-03-01,North,Monitor,Electronics,1,300,0.05,285.0,180.0,105.0,In-Store
186,2023-08-26,West,Laptop,Electronics,5,800,0.1,3600.0,2400.0,1200.0,Online
187,2023-04-17,South,Laptop,Electronics,1,800,0.0,800.0,480.0,320.0,In-Store
188,2023-09-17,North,Monitor,Electronics,4,300,0.05,1140.0,720.0,420.0,In-Store
189,2023-07-09,South,Headphones,Accessories,1,150,0.15,127.5,90.0,37.5,Online
190,2023-06-22,North,Tablet,Electronics,4,400,0.05,1520.0,960.0,560.0,Online
191,2023-05-06,East,Laptop,Electronics,2,800,0.05,1520.0,960.0,560.0,In-Store
192,2023-03-13,North,Headphones,Accessories,3,150,0.1,405.0,270.0,135.0,In-Store
193,2023-05-10,West,Laptop,Electronics,4,800,0.0,3200.0,1920.0,1280.0,In-Store
194,2023-01-16,East,Laptop,Electronics,5,800,0.1,3600.0,2400.0,1200.0,In-Store
195,2023-03-23,North,Monitor,Electronics,4,300,0.15,1020.0,720.0,300.0,Online
196,2023-11-04,South,Phone,Electronics,1,600,0.0,600.0,360.0,240.0,In-Store
197,2023-09-21,West,Tablet,Electronics,5,400,0.15,1700.0,1200.0,500.0,Online
198,2023-05-02,East,Laptop,Electronics,4,800,0.05,3040.0,1920.0,1120.0,In-Store
199,2023-10-18,West,Headphones,Accessories,4,150,0.1,540.0,360.0,180.0,Online
200,2023-10-31,West,Monitor,Electronics,1,300,0.0,300.0,180.0,120.0,Online
201,2023-05-07,East,Tablet,Electronics,1,400,0.1,360.0,240.0,120.0,In-Store
202,2023-02-19,East,Monitor,Electronics,2,300,0.1,540.0,360.0,180.0,In-Store
203,2023-07-28,South,Headphones,Accessories,5,150,0.15,637.5,450.0,187.5,In-Store
204,2023-01-08,North,Phone,Electronics,5,600,0.0,3000.0,1800.0,1200.0,In-Store
205,2023-12-10,East,Phone,Electronics,2,600,0.1,1080.0,720.0,360.0,In-Store
206,2023-05-07,West,Headphones,Accessories,3,150,0.0,450.0,270.0,180.0,Online
207,2023-02-03,South,Headphones,Accessories,3,150,0.0,450.0,270.0,180.0,Online
208,2023-11-09,East,Laptop,Electronics,4,800,0.0,3200.0,1920.0,1280.0,In-Store
209,2023-11-07,West,Tablet,Electronics,1,400,0.0,400.0,240.0,160.0,Online
210,2023-07-20,South,Tablet,Electronics,2,400,0.05,760.0,480.0,280.0,In-Store
211,2023-07-27,West,Tablet,Electronics,1,400,0.1,360.0,240.0,120.0,In-Store
212,2023-08-22,North,Tablet,Electronics,1,400,0.1,360.0,240.0,120.0,Online
213,2023-02-23,East,Monitor,Electronics,5,300,0.05,1425.0,900.0,525.0,Online
214,2023-02-11,West,Tablet,Electronics,3,400,0.1,1080.0,720.0,360.0,In-Store
215,2023-12-02,North,Laptop,Electronics,3,800,0.15,2040.0,1440.0,600.0,In-Store
216,2023-11-01,East,Tablet,Electronics,3,400,0.1,1080.0,720.0,360.0,Online
217,2023-12-23,East,Laptop,Electronics,4,800,0.1,2880.0,1920.0,960.0,Online
218,2023-01-18,North,Phone,Electronics,4,600,0.0,2400.0,1440.0,960.0,Online
219,2023-05-30,North,Headphones,Accessories,1,150,0.15,127.5,90.0,37.5,In-Store
220,2023-08-07,North,Phone,Electronics,2,600,0.15,1020.0,720.0,300.0,In-Store
221,2023-11-30,South,Tablet,Electronics,1,400,0.05,380.0,240.0,140.0,In-Store
222,2023-10-30,South,Monitor,Electronics,3,300,0.0,900.0,540.0,360.0,Online
223,2023-03-01,South,Phone,Electronics,5,600,0.05,2850.0,1800.0,1050.0,Online
224,2023-03-04,West,Tablet,Electronics,1,400,0.15,340.0,240.0,100.0,In-Store
225,2023-06-17,North,Tablet,Electronics,3,400,0.05,1140.0,720.0,420.0,Online
226,2023-04-16,West,Headphones,Accessories,5,150,0.05,712.5,450.0,262.5,Online
227,2023-08-12,East,Phone,Electronics,5,600,0.15,2550.0,1800.0,750.0,In-Store
228,2023-05-29,West,Headphones,Accessories,4,150,0.15,510.0,360.0,150.0,Online
229,2023-06-23,West,Tablet,Electronics,4,400,0.15,1360.0,960.0,400.0,In-Store
230,2023-02-05,South,Laptop,Electronics,1,800,0.05,760.0,480.0,280.0,Online
231,2023-03-26,East,Monitor,Electronics,2,300,0.15,510.0,360.0,150.0,In-Store
232,2023-07-29,North,Headphones,Accessories,2,150,0.15,255.0,180.0,75.0,Online
233,2023-08-19,West,Phone,Electronics,5,600,0.05,2850.0,1800.0,1050.0,In-Store
234,2023-11-08,West,Monitor,Electronics,2,300,0.05,570.0,360.0,210.0,Online
235,2023-12-31,North,Headphones,Accessories,1,150,0.0,150.0,90.0,60.0,Online
236,2023-05-15,West,Headphones,Accessories,2,150,0.15,255.0,180.0,75.0,Online
237,2023-04-18,North,Headphones,Accessories,1,150,0.0,150.0,90.0,60.0,Online
238,2023-02-26,North,Tablet,Electronics,2,400,0.05,760.0,480.0,280.0,In-Store
239,2023-04-06,South,Laptop,Electronics,2,800,0.15,1360.0,960.0,400.0,In-Store
240,2023-09-25,South,Headphones,Accessories,4,150,0.05,570.0,360.0,210.0,Online
241,2023-08-27,South,Tablet,Electronics,3,400,0.0,1200.0,720.0,480.0,Online
242,2023-07-02,South,Tablet,Electronics,1,400,0.05,380.0,240.0,140.0,Online
243,2023-02-01,North,Laptop,Electronics,1,800,0.1,720.0,480.0,240.0,Online
244,2023-07-09,West,Laptop,Electronics,2,800,0.05,1520.0,960.0,560.0,Online
245,2023-03-30,South,Laptop,Electronics,5,800,0.0,4000.0,2400.0,1600.0,In-Store
246,2023-08-28,East,Laptop,Electronics,5,800,0.1,3600.0,2400.0,1200.0,Online
247,2023-10-28,West,Laptop,Electronics,2,800,0.1,1440.0,960.0,480.0,In-Store
248,2023-06-10,South,Tablet,Electronics,2,400,0.05,760.0,480.0,280.0,In-Store
249,2023-08-20,West,Monitor,Electronics,1,300,0.15,255.0,180.0,75.0,In-Store
250,2023-12-06,East,Monitor,Electronics,1,300,0.1,270.0,180.0,90.0,Online
251,2023-03-15,North,Monitor,Electronics,5,300,0.05,1425.0,900.0,525.0,In-Store
252,2023-04-28,West,Headphones,Accessories,3,150,0.1,405.0,270.0,135.0,In-Store
253,2023-04-05,East,Laptop,Electronics,3,800,0.0,2400.0,1440.0,960.0,Online
254,2023-07-16,West,Headphones,Accessories,2,150,0.0,300.0,180.0,120.0,Online
255,2023-05-11,East,Tablet,Electronics,3,400,0.0,1200.0,720.0,480.0,In-Store
256,2023-11-27,East,Monitor,Electronics,1,300,0.15,255.0,180.0,75.0,Online
257,2023-08-09,North,Laptop,Electronics,4,800,0.15,2720.0,1920.0,800.0,In-Store
258,2023-01-14,West,Headphones,Accessories,3,150,0.1,405.0,270.0,135.0,In-Store
259,2023-05-18,North,Laptop,Electronics,5,800,0.05,3800.0,2400.0,1400.0,Online
260,2023-05-31,North,Tablet,Electronics,4,400,0.05,1520.0,960.0,560.0,Online
261,2023-08-30,North,Tablet,Electronics,2,400,0.15,680.0,480.0,200.0,Online
262,2023-12-02,South,Laptop,Electronics,5,800,0.15,3400.0,2400.0,1000.0,In-Store
263,2023-09-04,East,Monitor,Electronics,2,300,0.1,540.0,360.0,180.0,Online
264,2023-03-24,West,Laptop,Electronics,1,800,0.0,800.0,480.0,320.0,In-Store
265,2023-05-28,West,Monitor,Electronics,2,300,0.15,510.0,360.0,150.0,Online
266,2023-11-18,South,Headphones,Accessories,5,150,0.15,637.5,450.0,187.5,In-Store
267,2023-09-16,West,Headphones,Accessories,5,150,0.1,675.0,450.0,225.0,Online
268,2023-11-25,North,Monitor,Electronics,5,300,0.05,1425.0,900.0,525.0,In-Store
269,2023-11-10,West,Monitor,Electronics,3,300,0.0,900.0,540.0,360.0,Online
270,2023-11-10,East,Monitor,Electronics,1,300,0.1,270.0,180.0,90.0,Online
271,2023-02-15,North,Monitor,Electronics,4,300,0.15,1020.0,720.0,300.0,In-Store
272,2023-08-02,West,Tablet,Electronics,2,400,0.15,680.0,480.0,200.0,In-Store
273,2023-09-17,West,Laptop,Electronics,2,800,0.0,1600.0,960.0,640.0,In-Store
274,2023-04-18,North,Phone,Electronics,3,600,0.15,1530.0,1080.0,450.0,In-Store
275,2023-08-27,West,Laptop,Electronics,2,800,0.05,1520.0,960.0,560.0,In-Store
276,2023-12-28,South,Laptop,Electronics,2,800,0.05,1520.0,960.0,560.0,In-Store
277,2023-10-24,West,Laptop,Electronics,5,800,0.05,3800.0,2400.0,1400.0,In-Store
278,2023-04-16,East,Phone,Electronics,1,600,0.0,600.0,360.0,240.0,In-Store
279,2023-07-15,South,Phone,Electronics,2,600,0.0,1200.0,720.0,480.0,In-Store
280,2023-07-20,North,Laptop,Electronics,4,800,0.1,2880.0,1920.0,960.0,Online
281,2023-12-30,North,Headphones,Accessories,2,150,0.1,270.0,180.0,90.0,In-Store
282,2023-02-26,East,Laptop,Electronics,1,800,0.1,720.0,480.0,240.0,Online
283,2023-10-17,East,Tablet,Electronics,3,400,0.0,1200.0,720.0,480.0,In-Store
284,2023-03-05,North,Phone,Electronics,4,600,0.0,2400.0,1440.0,960.0,Online
285,2023-02-23,East,Headphones,Accessories,1,150,0.1,135.0,90.0,45.0,In-Store
286,2023-07-19,North,Phone,Electronics,1,600,0.05,570.0,360.0,210.0,In-Store
287,2023-05-29,South,Headphones,Accessories,2,150,0.0,300.0,180.0,120.0,Online
288,2023-09-24,North,Tablet,Electronics,3,400,0.15,1020.0,720.0,300.0,Online
289,2023-08-21,North,Phone,Electronics,1,600,0.05,570.0,360.0,210.0,In-Store
290,2023-07-15,North,Monitor,Electronics,4,300,0.1,1080.0,720.0,360.0,In-Store
291,2023-08-03,East,Headphones,Accessories,3,150,0.05,427.5,270.0,157.5,In-Store
292,2023-09-18,South,Phone,Electronics,5,600,0.0,3000.0,1800.0,1200.0,In-Store
293,2023-07-08,East,Headphones,Accessories,1,150,0.05,142.5,90.0,52.5,In-Store
294,2023-06-20,North,Monitor,Electronics,3,300,0.1,810.0,540.0,270.0,In-Store
295,2023-02-07,South,Phone,Electronics,5,600,0.05,2850.0,1800.0,1050.0,In-Store
296,2023-04-11,South,Monitor,Electronics,3,300,0.1,810.0,540.0,270.0,In-Store
297,2023-09-30,South,Tablet,Electronics,1,400,0.05,380.0,240.0,140.0,In-Store
298,2023-09-17,South,Tablet,Electronics,3,400,0.1,1080.0,720.0,360.0,In-Store
299,2023-04-17,West,Laptop,Electronics,4,800,0.05,3040.0,1920.0,1120.0,In-Store
300,2023-03-25,East,Tablet,Electronics,1,400,0.05,380.0,240.0,140.0,In-Store
301,2023-03-21,West,Laptop,Electronics,3,800,0.05,2280.0,1440.0,840.0,In-Store
302,2023-12-04,North,Laptop,Electronics,4,800,0.1,2880.0,1920.0,960.0,Online
303,2023-12-07,South,Laptop,Electronics,3,800,0.15,2040.0,1440.0,600.0,Online
304,2023-03-03,South,Tablet,Electronics,3,400,0.05,1140.0,720.0,420.0,Online
305,2023-12-07,South,Phone,Electronics,1,600,0.05,570.0,360.0,210.0,Online
306,2023-07-10,South,Monitor,Electronics,3,300,0.1,810.0,540.0,270.0,Online
307,2023-07-06,North,Monitor,Electronics,3,300,0.15,765.0,540.0,225.0,In-Store
308,2023-11-26,North,Monitor,Electronics,1,300,0.05,285.0,180.0,105.0,Online
309,2023-01-30,South,Phone,Electronics,3,600,0.05,1710.0,1080.0,630.0,In-Store
310,2023-03-09,West,Phone,Electronics,5,600,0.0,3000.0,1800.0,1200.0,In-Store
311,2023-08-09,South,Headphones,Accessories,2,150,0.0,300.0,180.0,120.0,In-Store
312,2023-03-14,West,Laptop,Electronics,3,800,0.05,2280.0,1440.0,840.0,In-Store
313,2023-03-20,North,Phone,Electronics,5,600,0.1,2700.0,1800.0,900.0,In-Store
314,2023-10-08,North,Tablet,Electronics,5,400,0.15,1700.0,1200.0,500.0,In-Store
315,2023-11-09,West,Headphones,Accessories,1,150,0.15,127.5,90.0,37.5,In-Store
316,2023-08-15,East,Monitor,Electronics,5,300,0.15,1275.0,900.0,375.0,In-Store
317,2023-04-04,West,Headphones,Accessories,4,150,0.05,570.0,360.0,210.0,Online
318,2023-08-01,North,Laptop,Electronics,4,800,0.1,2880.0,1920.0,960.0,Online
319,2023-07-09,West,Laptop,Electronics,3,800,0.1,2160.0,1440.0,720.0,In-Store
320,2023-06-09,North,Monitor,Electronics,3,300,0.0,900.0,540.0,360.0,Online
321,2023-12-05,South,Tablet,Electronics,1,400,0.0,400.0,240.0,160.0,Online
322,2023-08-12,West,Headphones,Accessories,4,150,0.15,510.0,360.0,150.0,Online
323,2023-09-09,South,Monitor,Electronics,2,300,0.1,540.0,360.0,180.0,Online
324,2023-04-02,South,Laptop,Electronics,2,800,0.15,1360.0,960.0,400.0,Online
325,2023-07-27,West,Phone,Electronics,2,600,0.1,1080.0,720.0,360.0,Online
326,2023-08-18,North,Laptop,Electronics,4,800,0.1,2880.0,1920.0,960.0,Online
327,2023-12-01,East,Monitor,Electronics,5,300,0.15,1275.0,900.0,375.0,Online
328,2023-01-07,South,Laptop,Electronics,4,800,0.1,2880.0,1920.0,960.0,Online
329,2023-12-12,East,Phone,Electronics,4,600,0.05,2280.0,1440.0,840.0,In-Store
330,2023-05-18,South,Headphones,Accessories,2,150,0.15,255.0,180.0,75.0,Online
331,2023-12-30,South,Headphones,Accessories,4,150,0.1,540.0,360.0,180.0,In-Store
332,2023-03-20,North,Headphones,Accessories,3,150,0.0,450.0,270.0,180.0,In-Store
333,2023-07-27,East,Tablet,Electronics,4,400,0.15,1360.0,960.0,400.0,In-Store
334,2023-12-31,West,Monitor,Electronics,2,300,0.15,510.0,360.0,150.0,Online
335,2023-07-15,North,Phone,Electronics,3,600,0.1,1620.0,1080.0,540.0,In-Store
336,2023-06-07,East,Laptop,Electronics,4,800,0.1,2880.0,1920.0,960.0,In-Store
337,2023-03-14,South,Phone,Electronics,5,600,0.05,2850.0,1800.0,1050.0,In-Store
338,2023-08-23,North,Monitor,Electronics,5,300,0.0,1500.0,900.0,600.0,Online
339,2023-07-21,North,Phone,Electronics,3,600,0.1,1620.0,1080.0,540.0,Online
340,2023-12-24,North,Monitor,Electronics,2,300,0.0,600.0,360.0,240.0,In-Store
341,2023-12-29,East,Tablet,Electronics,2,400,0.0,800.0,480.0,320.0,In-Store
342,2023-09-01,North,Headphones,Accessories,2,150,0.1,270.0,180.0,90.0,In-Store
343,2023-11-20,South,Headphones,Accessories,3,150,0.1,405.0,270.0,135.0,In-Store
344,2023-12-17,South,Laptop,Electronics,3,800,0.15,2040.0,1440.0,600.0,In-Store
345,2023-09-30,East,Phone,Electronics,2,600,0.05,1140.0,720.0,420.0,In-Store
346,2023-07-05,North,Tablet,Electronics,1,400,0.0,400.0,240.0,160.0,Online
347,2023-09-18,West,Tablet,Electronics,1,400,0.05,380.0,240.0,140.0,In-Store
348,2023-12-30,East,Laptop,Electronics,1,800,0.05,760.0,480.0,280.0,Online
349,2023-12-04,North,Monitor,Electronics,1,300,0.05,285.0,180.0,105.0,In-Store
350,2023-02-13,South,Laptop,Electronics,4,800,0.15,2720.0,1920.0,800.0,In-Store
351,2023-03-02,South,Phone,Electronics,4,600,0.0,2400.0,1440.0,960.0,In-Store
352,2023-04-19,South,Tablet,Electronics,2,400,0.1,720.0,480.0,240.0,In-Store
353,2023-08-12,East,Laptop,Electronics,2,800,0.05,1520.0,960.0,560.0,In-Store
354,2023-03-10,West,Phone,Electronics,2,600,0.05,1140.0,720.0,420.0,In-Store
355,2023-05-22,West,Phone,Electronics,4,600,0.1,2160.0,1440.0,720.0,In-Store
356,2023-09-03,West,Monitor,Electronics,1,300,0.0,300.0,180.0,120.0,In-Store
357,2023-08-12,South,Phone,Electronics,2,600,0.1,1080.0,720.0,360.0,Online
358,2023-10-17,South,Headphones,Accessories,2,150,0.15,255.0,180.0,75.0,In-Store
359,2023-11-07,East,Headphones,Accessories,1,150,0.05,142.5,90.0,52.5,In-Store
360,2023-11-10,North,Phone,Electronics,1,600,0.1,540.0,360.0,180.0,Online
361,2023-08-05,West,Headphones,Accessories,3,150,0.1,405.0,270.0,135.0,Online
362,2023-08-19,West,Phone,Electronics,5,600,0.1,2700.0,1800.0,900.0,In-Store
363,2023-02-06,West,Monitor,Electronics,2,300,0.0,600.0,360.0,240.0,In-Store
364,2023-04-19,East,Phone,Electronics,1,600,0.15,510.0,360.0,150.0,Online
365,2023-04-21,South,Tablet,Electronics,3,400,0.0,1200.0,720.0,480.0,In-Store
366,2023-01-21,South,Tablet,Electronics,2,400,0.1,720.0,480.0,240.0,In-Store
367,2023-05-13,North,Headphones,Accessories,3,150,0.1,405.0,270.0,135.0,In-Store
368,2023-01-19,North,Monitor,Electronics,5,300,0.0,1500.0,900.0,600.0,Online
369,2023-04-03,North,Laptop,Electronics,5,800,0.1,3600.0,2400.0,1200.0,In-Store
370,2023-01-05,North,Headphones,Accessories,5,150,0.0,750.0,450.0,300.0,In-Store
371,2023-09-19,South,Phone,Electronics,5,600,0.0,3000.0,1800.0,1200.0,In-Store
372,2023-03-31,East,Laptop,Electronics,1,800,0.15,680.0,480.0,200.0,Online
373,2023-07-14,East,Headphones,Accessories,4,150,0.15,510.0,360.0,150.0,In-Store
374,2023-03-01,East,Phone,Electronics,3,600,0.15,1530.0,1080.0,450.0,Online
375,2023-01-05,West,Phone,Electronics,5,600,0.15,2550.0,1800.0,750.0,Online
376,2023-12-20,South,Laptop,Electronics,5,800,0.05,3800.0,2400.0,1400.0,Online
377,2023-03-27,North,Phone,Electronics,5,600,0.05,2850.0,1800.0,1050.0,Online
378,2023-06-24,South,Laptop,Electronics,5,800,0.15,3400.0,2400.0,1000.0,Online
379,2023-05-25,East,Headphones,Accessories,1,150,0.1,135.0,90.0,45.0,Online
380,2023-08-12,South,Tablet,Electronics,2,400,0.15,680.0,480.0,200.0,Online
381,2023-12-17,North,Laptop,Electronics,2,800,0.15,1360.0,960.0,400.0,Online
382,2023-03-19,North,Laptop,Electronics,1,800,0.1,720.0,480.0,240.0,Online
383,2023-07-30,West,Laptop,Electronics,5,800,0.05,3800.0,2400.0,1400.0,Online
384,2023-01-13,East,Tablet,Electronics,2,400,0.15,680.0,480.0,200.0,In-Store
385,2023-05-03,North,Monitor,Electronics,2,300,0.1,540.0,360.0,180.0,In-Store
386,2023-03-24,North,Tablet,Electronics,4,400,0.1,1440.0,960.0,480.0,In-Store
387,2023-08-08,North,Laptop,Electronics,3,800,0.0,2400.0,1440.0,960.0,Online
388,2023-06-25,South,Tablet,Electronics,1,400,0.0,400.0,240.0,160.0,In-Store
389,2023-11-22,South,Phone,Electronics,3,600,0.1,1620.0,1080.0,540.0,In-Store
390,2023-09-02,South,Laptop,Electronics,1,800,0.0,800.0,480.0,320.0,In-Store
391,2023-05-24,West,Monitor,Electronics,5,300,0.1,1350.0,900.0,450.0,Online
392,2023-02-14,West,Headphones,Accessories,1,150,0.0,150.0,90.0,60.0,In-Store
393,2023-11-18,North,Phone,Electronics,3,600,0.0,1800.0,1080.0,720.0,In-Store
394,2023-04-05,East,Headphones,Accessories,4,150,0.1,540.0,360.0,180.0,Online
395,2023-03-04,South,Monitor,Electronics,3,300,0.15,765.0,540.0,225.0,In-Store
396,2023-09-09,East,Phone,Electronics,4,600,0.1,2160.0,1440.0,720.0,Online
397,2023-04-29,South,Laptop,Electronics,4,800,0.1,2880.0,1920.0,960.0,Online
398,2023-05-28,South,Tablet,Electronics,3,400,0.15,1020.0,720.0,300.0,Online
399,2023-02-08,West,Monitor,Electronics,5,300,0.1,1350.0,900.0,450.0,Online
400,2023-12-01,South,Headphones,Accessories,3,150,0.0,450.0,270.0,180.0,In-Store
401,2023-05-11,South,Tablet,Electronics,2,400,0.0,800.0,480.0,320.0,In-Store
402,2023-11-26,West,Headphones,Accessories,1,150,0.15,127.5,90.0,37.5,In-Store
403,2023-07-25,East,Laptop,Electronics,2,800,0.1,1440.0,960.0,480.0,Online
404,2023-08-05,West,Tablet,Electronics,1,400,0.15,340.0,240.0,100.0,Online
405,2023-05-30,South,Laptop,Electronics,1,800,0.15,680.0,480.0,200.0,In-Store
406,2023-07-10,South,Tablet,Electronics,5,400,0.0,2000.0,1200.0,800.0,Online
407,2023-05-05,West,Laptop,Electronics,2,800,0.15,1360.0,960.0,400.0,In-Store
408,2023-06-16,East,Phone,Electronics,2,600,0.05,1140.0,720.0,420.0,Online
409,2023-08-03,East,Laptop,Electronics,3,800,0.0,2400.0,1440.0,960.0,Online
410,2023-06-17,West,Headphones,Accessories,2,150,0.05,285.0,180.0,105.0,Online
411,2023-11-23,East,Phone,Electronics,4,600,0.1,2160.0,1440.0,720.0,In-Store
412,2023-02-02,West,Laptop,Electronics,1,800,0.1,720.0,480.0,240.0,Online
413,2023-08-21,North,Headphones,Accessories,2,150,0.0,300.0,180.0,120.0,In-Store
414,2023-01-29,West,Headphones,Accessories,5,150,0.05,712.5,450.0,262.5,In-Store
415,2023-09-01,South,Tablet,Electronics,4,400,0.0,1600.0,960.0,640.0,Online
416,2023-05-17,East,Laptop,Electronics,5,800,0.0,4000.0,2400.0,1600.0,In-Store
417,2023-04-09,West,Headphones,Accessories,3,150,0.0,450.0,270.0,180.0,In-Store
418,2023-11-30,South,Headphones,Accessories,2,150,0.15,255.0,180.0,75.0,In-Store
419,2023-12-28,East,Laptop,Electronics,1,800,0.1,720.0,480.0,240.0,Online
420,2023-03-12,South,Phone,Electronics,4,600,0.1,2160.0,1440.0,720.0,Online
421,2023-10-28,North,Monitor,Electronics,4,300,0.0,1200.0,720.0,480.0,In-Store
422,2023-09-27,South,Monitor,Electronics,1,300,0.15,255.0,180.0,75.0,Online
423,2023-06-01,South,Phone,Electronics,1,600,0.05,570.0,360.0,210.0,Online
424,2023-06-27,South,Headphones,Accessories,2,150,0.05,285.0,180.0,105.0,In-Store
425,2023-06-21,North,Tablet,Electronics,4,400,0.15,1360.0,960.0,400.0,Online
426,2023-10-21,North,Laptop,Electronics,5,800,0.1,3600.0,2400.0,1200.0,Online
427,2023-12-27,West,Monitor,Electronics,5,300,0.05,1425.0,900.0,525.0,In-Store
428,2023-08-19,East,Tablet,Electronics,2,400,0.15,680.0,480.0,200.0,Online
429,2023-09-09,East,Tablet,Electronics,1,400,0.05,380.0,240.0,140.0,In-Store
430,2023-12-26,North,Headphones,Accessories,3,150,0.05,427.5,270.0,157.5,In-Store
431,2023-05-19,South,Phone,Electronics,1,600,0.05,570.0,360.0,210.0,Online
432,2023-11-12,South,Tablet,Electronics,3,400,0.15,1020.0,720.0,300.0,Online
433,2023-03-20,South,Monitor,Electronics,5,300,0.1,1350.0,900.0,450.0,In-Store
434,2023-05-07,South,Headphones,Accessories,4,150,0.15,510.0,360.0,150.0,In-Store
435,2023-02-14,West,Phone,Electronics,1,600,0.05,570.0,360.0,210.0,In-Store
436,2023-05-30,West,Headphones,Accessories,4,150,0.0,600.0,360.0,240.0,In-Store
437,2023-03-25,West,Phone,Electronics,5,600,0.05,2850.0,1800.0,1050.0,In-Store
438,2023-07-18,West,Monitor,Electronics,3,300,0.1,810.0,540.0,270.0,Online
439,2023-02-16,East,Phone,Electronics,5,600,0.05,2850.0,1800.0,1050.0,In-Store
440,2023-11-30,North,Phone,Electronics,2,600,0.05,1140.0,720.0,420.0,In-Store
441,2023-10-16,East,Phone,Electronics,4,600,0.1,2160.0,1440.0,720.0,Online
442,2023-02-22,North,Tablet,Electronics,3,400,0.15,1020.0,720.0,300.0,Online
443,2023-04-26,North,Headphones,Accessories,3,150,0.05,427.5,270.0,157.5,In-Store
444,2023-06-10,West,Tablet,Electronics,3,400,0.05,1140.0,720.0,420.0,In-Store
445,2023-05-20,North,Laptop,Electronics,2,800,0.0,1600.0,960.0,640.0,Online
446,2023-08-14,South,Phone,Electronics,5,600,0.15,2550.0,1800.0,750.0,In-Store
447,2023-07-11,East,Phone,Electronics,5,600,0.0,3000.0,1800.0,1200.0,Online
448,2023-11-27,West,Laptop,Electronics,4,800,0.1,2880.0,1920.0,960.0,In-Store
449,2023-02-04,East,Laptop,Electronics,3,800,0.05,2280.0,1440.0,840.0,Online
450,2023-10-25,North,Headphones,Accessories,1,150,0.0,150.0,90.0,60.0,In-Store
451,2023-09-18,East,Laptop,Electronics,2,800,0.05,1520.0,960.0,560.0,Online
452,2023-02-18,West,Laptop,Electronics,2,800,0.1,1440.0,960.0,480.0,Online
453,2023-07-09,North,Phone,Electronics,1,600,0.05,570.0,360.0,210.0,In-Store
454,2023-07-06,East,Phone,Electronics,2,600,0.0,1200.0,720.0,480.0,Online
455,2023-04-23,North,Laptop,Electronics,2,800,0.0,1600.0,960.0,640.0,In-Store
456,2023-09-11,North,Laptop,Electronics,1,800,0.05,760.0,480.0,280.0,In-Store
457,2023-06-08,North,Tablet,Electronics,1,400,0.05,380.0,240.0,140.0,Online
458,2023-05-03,West,Laptop,Electronics,5,800,0.1,3600.0,2400.0,1200.0,In-Store
459,2023-01-19,East,Phone,Electronics,3,600,0.1,1620.0,1080.0,540.0,Online
460,2023-12-13,North,Tablet,Electronics,5,400,0.05,1900.0,1200.0,700.0,Online
461,2023-01-12,West,Headphones,Accessories,1,150,0.1,135.0,90.0,45.0,In-Store
462,2023-12-12,East,Monitor,Electronics,1,300,0.05,285.0,180.0,105.0,In-Store
463,2023-05-28,West,Phone,Electronics,3,600,0.05,1710.0,1080.0,630.0,Online
464,2023-02-16,South,Monitor,Electronics,4,300,0.15,1020.0,720.0,300.0,Online
465,2023-06-13,North,Phone,Electronics,5,600,0.0,3000.0,1800.0,1200.0,In-Store
466,2023-09-20,West,Phone,Electronics,5,600,0.05,2850.0,1800.0,1050.0,Online
467,2023-06-05,South,Headphones,Accessories,2,150,0.15,255.0,180.0,75.0,Online
468,2023-09-21,East,Headphones,Accessories,1,150,0.0,150.0,90.0,60.0,Online
469,2023-06-10,West,Headphones,Accessories,1,150,0.15,127.5,90.0,37.5,Online
470,2023-09-28,East,Phone,Electronics,2,600,0.1,1080.0,720.0,360.0,Online
471,2023-07-31,South,Tablet,Electronics,5,400,0.05,1900.0,1200.0,700.0,In-Store
472,2023-07-15,West,Headphones,Accessories,1,150,0.05,142.5,90.0,52.5,Online
473,2023-11-18,South,Phone,Electronics,2,600,0.15,1020.0,720.0,300.0,Online
474,2023-10-07,East,Tablet,Electronics,2,400,0.1,720.0,480.0,240.0,In-Store
475,2023-04-17,East,Headphones,Accessories,2,150,0.1,270.0,180.0,90.0,Online
476,2023-09-13,North,Laptop,Electronics,4,800,0.15,2720.0,1920.0,800.0,In-Store
477,2023-01-07,North,Monitor,Electronics,4,300,0.1,1080.0,720.0,360.0,In-Store
478,2023-12-18,East,Monitor,Electronics,4,300,0.05,1140.0,720.0,420.0,Online
479,2023-10-26,South,Headphones,Accessories,1,150,0.0,150.0,90.0,60.0,In-Store
480,2023-08-21,East,Monitor,Electronics,5,300,0.0,1500.0,900.0,600.0,Online
481,2023-01-12,North,Phone,Electronics,1,600,0.0,600.0,360.0,240.0,In-Store
482,2023-12-30,West,Monitor,Electronics,2,300,0.15,510.0,360.0,150.0,Online
483,2023-05-05,North,Laptop,Electronics,2,800,0.1,1440.0,960.0,480.0,In-Store
484,2023-08-23,South,Laptop,Electronics,4,800,0.15,2720.0,1920.0,800.0,Online
485,2023-03-12,West,Headphones,Accessories,5,150,0.05,712.5,450.0,262.5,Online
486,2023-02-13,North,Tablet,Electronics,3,400,0.15,1020.0,720.0,300.0,Online
487,2023-04-18,East,Phone,Electronics,2,600,0.05,1140.0,720.0,420.0,In-Store
488,2023-02-21,South,Monitor,Electronics,2,300,0.15,510.0,360.0,150.0,Online
489,2023-04-02,South,Laptop,Electronics,3,800,0.15,2040.0,1440.0,600.0,In-Store
490,2023-09-29,East,Tablet,Electronics,1,400,0.1,360.0,240.0,120.0,In-Store
491,2023-04-22,East,Monitor,Electronics,2,300,0.0,600.0,360.0,240.0,Online
492,2023-07-15,West,Headphones,Accessories,3,150,0.0,450.0,270.0,180.0,Online
493,2023-10-26,North,Tablet,Electronics,2,400,0.15,680.0,480.0,200.0,Online
494,2023-04-04,North,Tablet,Electronics,2,400,0.0,800.0,480.0,320.0,In-Store
495,2023-01-04,West,Tablet,Electronics,3,400,0.15,1020.0,720.0,300.0,Online
496,2023-07-20,North,Monitor,Electronics,4,300,0.05,1140.0,720.0,420.0,In-Store
497,2023-02-24,East,Laptop,Electronics,2,800,0.15,1360.0,960.0,400.0,Online
498,2023-03-10,West,Tablet,Electronics,5,400,0.05,1900.0,1200.0,700.0,Online
499,2023-10-30,North,Monitor,Electronics,2,300,0.0,600.0,360.0,240.0,In-Store
500,2023-09-06,North,Phone,Electronics,4,600,0.1,2160.0,1440.0,720.0,Online
501,2023-02-15,West,Headphones,Accessories,4,150,0.0,600.0,360.0,240.0,Online
502,2023-09-05,South,Tablet,Electronics,1,400,0.15,340.0,240.0,100.0,Online
503,2023-02-04,South,Phone,Electronics,3,600,0.15,1530.0,1080.0,450.0,Online
504,2023-05-10,West,Monitor,Electronics,3,300,0.15,765.0,540.0,225.0,Online
505,2023-05-25,West,Laptop,Electronics,2,800,0.15,1360.0,960.0,400.0,In-Store
506,2023-03-30,East,Laptop,Electronics,5,800,0.05,3800.0,2400.0,1400.0,In-Store
507,2023-08-05,West,Laptop,Electronics,2,800,0.05,1520.0,960.0,560.0,Online
508,2023-12-28,South,Laptop,Electronics,2,800,0.1,1440.0,960.0,480.0,Online
509,2023-03-24,North,Phone,Electronics,2,600,0.0,1200.0,720.0,480.0,Online
510,2023-03-15,West,Phone,Electronics,1,600,0.1,540.0,360.0,180.0,In-Store
511,2023-04-18,West,Laptop,Electronics,3,800,0.1,2160.0,1440.0,720.0,Online
512,2023-11-09,North,Tablet,Electronics,4,400,0.05,1520.0,960.0,560.0,In-Store
513,2023-03-24,North,Headphones,Accessories,4,150,0.1,540.0,360.0,180.0,Online
514,2023-10-13,East,Tablet,Electronics,3,400,0.15,1020.0,720.0,300.0,Online
515,2023-07-24,South,Laptop,Electronics,1,800,0.05,760.0,480.0,280.0,In-Store
516,2023-09-22,West,Headphones,Accessories,1,150,0.1,135.0,90.0,45.0,Online
517,2023-05-03,North,Headphones,Accessories,4,150,0.1,540.0,360.0,180.0,Online
518,2023-01-13,North,Phone,Electronics,5,600,0.15,2550.0,1800.0,750.0,Online
519,2023-01-03,North,Tablet,Electronics,1,400,0.0,400.0,240.0,160.0,In-Store
520,2023-10-30,East,Headphones,Accessories,2,150,0.0,300.0,180.0,120.0,Online
521,2023-01-16,North,Tablet,Electronics,5,400,0.05,1900.0,1200.0,700.0,In-Store
522,2023-04-17,West,Monitor,Electronics,2,300,0.1,540.0,360.0,180.0,Online
523,2023-03-17,North,Headphones,Accessories,1,150,0.1,135.0,90.0,45.0,In-Store
524,2023-07-26,West,Laptop,Electronics,3,800,0.05,2280.0,1440.0,840.0,In-Store
525,2023-06-19,East,Laptop,Electronics,4,800,0.1,2880.0,1920.0,960.0,In-Store
526,2023-11-29,North,Phone,Electronics,5,600,0.05,2850.0,1800.0,1050.0,In-Store
527,2023-12-29,South,Phone,Electronics,3,600,0.05,1710.0,1080.0,630.0,Online
528,2023-09-30,West,Laptop,Electronics,4,800,0.15,2720.0,1920.0,800.0,Online
529,2023-06-08,West,Monitor,Electronics,4,300,0.0,1200.0,720.0,480.0,Online
530,2023-02-17,East,Laptop,Electronics,4,800,0.0,3200.0,1920.0,1280.0,In-Store
531,2023-01-03,East,Tablet,Electronics,5,400,0.05,1900.0,1200.0,700.0,Online
532,2023-02-23,West,Laptop,Electronics,4,800,0.15,2720.0,1920.0,800.0,Online
533,2023-12-02,East,Phone,Electronics,5,600,0.15,2550.0,1800.0,750.0,Online
534,2023-07-12,West,Tablet,Electronics,4,400,0.15,1360.0,960.0,400.0,In-Store
535,2023-02-24,North,Tablet,Electronics,5,400,0.15,1700.0,1200.0,500.0,In-Store
536,2023-11-28,North,Monitor,Electronics,4,300,0.05,1140.0,720.0,420.0,In-Store
537,2023-02-18,East,Tablet,Electronics,4,400,0.0,1600.0,960.0,640.0,Online
538,2023-07-04,North,Phone,Electronics,5,600,0.1,2700.0,1800.0,900.0,In-Store
539,2023-02-05,East,Tablet,Electronics,5,400,0.1,1800.0,1200.0,600.0,In-Store
540,2023-11-06,East,Laptop,Electronics,2,800,0.15,1360.0,960.0,400.0,In-Store
541,2023-12-15,East,Tablet,Electronics,3,400,0.0,1200.0,720.0,480.0,In-Store
542,2023-09-17,East,Headphones,Accessories,2,150,0.1,270.0,180.0,90.0,Online
543,2023-03-16,East,Tablet,Electronics,4,400,0.1,1440.0,960.0,480.0,In-Store
544,2023-03-24,South,Phone,Electronics,5,600,0.15,2550.0,1800.0,750.0,Online
545,2023-02-28,West,Headphones,Accessories,5,150,0.05,712.5,450.0,262.5,Online
546,2023-02-01,East,Laptop,Electronics,4,800,0.1,2880.0,1920.0,960.0,Online
547,2023-07-25,West,Monitor,Electronics,5,300,0.05,1425.0,900.0,525.0,Online
548,2023-09-01,South,Monitor,Electronics,4,300,0.0,1200.0,720.0,480.0,In-Store
549,2023-10-24,South,Laptop,Electronics,5,800,0.15,3400.0,2400.0,1000.0,Online
550,2023-06-21,East,Phone,Electronics,3,600,0.15,1530.0,1080.0,450.0,In-Store
551,2023-10-14,West,Monitor,Electronics,2,300,0.15,510.0,360.0,150.0,Online
552,2023-12-04,West,Phone,Electronics,5,600,0.0,3000.0,1800.0,1200.0,In-Store
553,2023-02-12,East,Monitor,Electronics,1,300,0.15,255.0,180.0,75.0,In-Store
554,2023-02-04,North,Tablet,Electronics,2,400,0.15,680.0,480.0,200.0,Online
555,2023-01-14,East,Tablet,Electronics,2,400,0.0,800.0,480.0,320.0,In-Store
556,2023-01-09,South,Headphones,Accessories,3,150,0.15,382.5,270.0,112.5,In-Store
557,2023-11-04,West,Monitor,Electronics,2,300,0.1,540.0,360.0,180.0,In-Store
558,2023-10-09,West,Laptop,Electronics,2,800,0.05,1520.0,960.0,560.0,In-Store
559,2023-01-13,North,Monitor,Electronics,3,300,0.1,810.0,540.0,270.0,Online
560,2023-11-01,North,Laptop,Electronics,1,800,0.1,720.0,480.0,240.0,In-Store
561,2023-08-08,East,Laptop,Electronics,2,800,0.0,1600.0,960.0,640.0,Online
562,2023-05-08,West,Phone,Electronics,5,600,0.05,2850.0,1800.0,1050.0,In-Store
563,2023-12-05,North,Headphones,Accessories,5,150,0.05,712.5,450.0,262.5,Online
564,2023-02-26,East,Headphones,Accessories,2,150,0.05,285.0,180.0,105.0,In-Store
565,2023-04-13,West,Phone,Electronics,1,600,0.15,510.0,360.0,150.0,Online
566,2023-04-26,South,Tablet,Electronics,3,400,0.15,1020.0,720.0,300.0,Online
567,2023-11-30,East,Tablet,Electronics,1,400,0.1,360.0,240.0,120.0,In-Store
568,2023-10-21,North,Headphones,Accessories,3,150,0.15,382.5,270.0,112.5,Online
569,2023-02-26,North,Phone,Electronics,5,600,0.0,3000.0,1800.0,1200.0,In-Store
570,2023-11-03,North,Headphones,Accessories,1,150,0.05,142.5,90.0,52.5,Online
571,2023-04-29,North,Phone,Electronics,1,600,0.05,570.0,360.0,210.0,Online
572,2023-11-05,East,Headphones,Accessories,2,150,0.0,300.0,180.0,120.0,In-Store
573,2023-02-10,West,Monitor,Electronics,2,300,0.05,570.0,360.0,210.0,In-Store
574,2023-07-11,West,Phone,Electronics,4,600,0.1,2160.0,1440.0,720.0,In-Store
575,2023-06-19,North,Headphones,Accessories,5,150,0.1,675.0,450.0,225.0,In-Store
576,2023-09-03,West,Monitor,Electronics,5,300,0.1,1350.0,900.0,450.0,In-Store
577,2023-04-11,South,Monitor,Electronics,1,300,0.1,270.0,180.0,90.0,In-Store
578,2023-09-17,South,Laptop,Electronics,5,800,0.0,4000.0,2400.0,1600.0,Online
579,2023-10-11,West,Headphones,Accessories,5,150,0.05,712.5,450.0,262.5,In-Store
580,2023-11-30,North,Headphones,Accessories,5,150,0.15,637.5,450.0,187.5,In-Store
581,2023-04-04,South,Monitor,Electronics,3,300,0.15,765.0,540.0,225.0,Online
582,2023-10-29,East,Laptop,Electronics,4,800,0.15,2720.0,1920.0,800.0,In-Store
583,2023-10-29,East,Headphones,Accessories,2,150,0.0,300.0,180.0,120.0,In-Store
584,2023-02-17,West,Tablet,Electronics,4,400,0.15,1360.0,960.0,400.0,Online
585,2023-02-21,South,Laptop,Electronics,4,800,0.1,2880.0,1920.0,960.0,In-Store
586,2023-05-30,South,Laptop,Electronics,4,800,0.0,3200.0,1920.0,1280.0,Online
587,2023-08-23,North,Laptop,Electronics,1,800,0.15,680.0,480.0,200.0,Online
588,2023-07-31,North,Laptop,Electronics,3,800,0.1,2160.0,1440.0,720.0,Online
589,2023-03-24,West,Phone,Electronics,5,600,0.0,3000.0,1800.0,1200.0,In-Store
590,2023-04-26,South,Monitor,Electronics,3,300,0.1,810.0,540.0,270.0,In-Store
591,2023-01-08,West,Tablet,Electronics,5,400,0.0,2000.0,1200.0,800.0,Online
592,2023-06-21,West,Headphones,Accessories,1,150,0.1,135.0,90.0,45.0,In-Store
593,2023-08-07,North,Headphones,Accessories,2,150,0.0,300.0,180.0,120.0,Online
594,2023-02-13,East,Phone,Electronics,3,600,0.0,1800.0,1080.0,720.0,Online
595,2023-05-25,East,Laptop,Electronics,5,800,0.0,4000.0,2400.0,1600.0,In-Store
596,2023-04-07,South,Headphones,Accessories,1,150,0.15,127.5,90.0,37.5,In-Store
597,2023-04-10,East,Headphones,Accessories,2,150,0.1,270.0,180.0,90.0,Online
598,2023-01-17,North,Tablet,Electronics,5,400,0.1,1800.0,1200.0,600.0,Online
599,2023-06-04,West,Monitor,Electronics,3,300,0.05,855.0,540.0,315.0,Online
600,2023-10-25,East,Tablet,Electronics,5,400,0.05,1900.0,1200.0,700.0,In-Store
601,2023-08-31,South,Tablet,Electronics,4,400,0.05,1520.0,960.0,560.0,Online
602,2023-10-29,South,Tablet,Electronics,2,400,0.0,800.0,480.0,320.0,In-Store
603,2023-11-20,North,Headphones,Accessories,3,150,0.05,427.5,270.0,157.5,In-Store
604,2023-04-15,West,Monitor,Electronics,2,300,0.05,570.0,360.0,210.0,In-Store
605,2023-01-13,North,Phone,Electronics,2,600,0.1,1080.0,720.0,360.0,In-Store
606,2023-07-23,West,Tablet,Electronics,1,400,0.1,360.0,240.0,120.0,In-Store
607,2023-04-12,South,Phone,Electronics,2,600,0.05,1140.0,720.0,420.0,Online
608,2023-06-08,North,Laptop,Electronics,1,800,0.0,800.0,480.0,320.0,Online
609,2023-05-13,West,Phone,Electronics,1,600,0.05,570.0,360.0,210.0,Online
610,2023-12-02,South,Headphones,Accessories,4,150,0.15,510.0,360.0,150.0,In-Store
611,2023-12-29,South,Laptop,Electronics,4,800,0.1,2880.0,1920.0,960.0,In-Store
612,2023-02-01,West,Monitor,Electronics,5,300,0.05,1425.0,900.0,525.0,In-Store
613,2023-05-27,West,Monitor,Electronics,5,300,0.0,1500.0,900.0,600.0,Online
614,2023-08-05,East,Phone,Electronics,5,600,0.15,2550.0,1800.0,750.0,In-Store
615,2023-02-09,East,Headphones,Accessories,5,150,0.05,712.5,450.0,262.5,Online
616,2023-05-12,North,Laptop,Electronics,5,800,0.1,3600.0,2400.0,1200.0,In-Store
617,2023-09-07,North,Tablet,Electronics,5,400,0.05,1900.0,1200.0,700.0,Online
618,2023-07-17,South,Headphones,Accessories,4,150,0.05,570.0,360.0,210.0,Online
619,2023-04-07,West,Monitor,Electronics,1,300,0.15,255.0,180.0,75.0,Online
620,2023-01-14,East,Laptop,Electronics,3,800,0.0,2400.0,1440.0,960.0,In-Store
621,2023-12-23,North,Phone,Electronics,4,600,0.15,2040.0,1440.0,600.0,Online
622,2023-03-10,South,Headphones,Accessories,4,150,0.05,570.0,360.0,210.0,Online
623,2023-04-02,North,Phone,Electronics,3,600,0.0,1800.0,1080.0,720.0,Online
624,2023-12-21,South,Monitor,Electronics,1,300,0.1,270.0,180.0,90.0,Online
625,2023-10-26,North,Monitor,Electronics,3,300,0.1,810.0,540.0,270.0,In-Store
626,2023-02-20,North,Monitor,Electronics,5,300,0.1,1350.0,900.0,450.0,In-Store
627,2023-07-26,West,Phone,Electronics,3,600,0.1,1620.0,1080.0,540.0,In-Store
628,2023-08-07,South,Phone,Electronics,5,600,0.05,2850.0,1800.0,1050.0,Online
629,2023-01-17,West,Headphones,Accessories,5,150,0.1,675.0,450.0,225.0,Online
630,2023-10-21,South,Laptop,Electronics,4,800,0.15,2720.0,1920.0,800.0,Online
631,2023-09-02,South,Tablet,Electronics,5,400,0.1,1800.0,1200.0,600.0,In-Store
632,2023-03-20,West,Monitor,Electronics,3,300,0.1,810.0,540.0,270.0,Online
633,2023-09-30,South,Phone,Electronics,1,600,0.0,600.0,360.0,240.0,Online
634,2023-05-10,West,Monitor,Electronics,4,300,0.15,1020.0,720.0,300.0,In-Store
635,2023-12-21,West,Laptop,Electronics,5,800,0.15,3400.0,2400.0,1000.0,Online
636,2023-10-13,South,Headphones,Accessories,2,150,0.0,300.0,180.0,120.0,In-Store
637,2023-04-18,East,Tablet,Electronics,4,400,0.15,1360.0,960.0,400.0,Online
638,2023-11-29,East,Phone,Electronics,5,600,0.15,2550.0,1800.0,750.0,In-Store
639,2023-08-03,South,Phone,Electronics,5,600,0.15,2550.0,1800.0,750.0,In-Store
640,2023-06-23,East,Headphones,Accessories,5,150,0.0,750.0,450.0,300.0,In-Store
641,2023-05-11,West,Headphones,Accessories,1,150,0.15,127.5,90.0,37.5,Online
642,2023-02-06,North,Headphones,Accessories,2,150,0.15,255.0,180.0,75.0,Online
643,2023-05-20,West,Tablet,Electronics,2,400,0.1,720.0,480.0,240.0,Online
644,2023-07-31,West,Tablet,Electronics,5,400,0.1,1800.0,1200.0,600.0,Online
645,2023-07-23,South,Tablet,Electronics,3,400,0.05,1140.0,720.0,420.0,Online
646,2023-03-08,North,Monitor,Electronics,2,300,0.05,570.0,360.0,210.0,Online
647,2023-02-16,East,Laptop,Electronics,3,800,0.0,2400.0,1440.0,960.0,In-Store
648,2023-04-06,East,Phone,Electronics,2,600,0.0,1200.0,720.0,480.0,In-Store
649,2023-01-12,South,Tablet,Electronics,5,400,0.0,2000.0,1200.0,800.0,In-Store
650,2023-08-18,North,Phone,Electronics,3,600,0.0,1800.0,1080.0,720.0,Online
651,2023-01-25,West,Monitor,Electronics,4,300,0.1,1080.0,720.0,360.0,Online
652,2023-11-01,North,Headphones,Accessories,3,150,0.1,405.0,270.0,135.0,Online
653,2023-03-10,West,Headphones,Accessories,4,150,0.1,540.0,360.0,180.0,In-Store
654,2023-01-10,West,Laptop,Electronics,3,800,0.1,2160.0,1440.0,720.0,In-Store
655,2023-09-29,South,Monitor,Electronics,3,300,0.15,765.0,540.0,225.0,Online
656,2023-08-03,South,Monitor,Electronics,5,300,0.0,1500.0,900.0,600.0,Online
657,2023-08-31,North,Headphones,Accessories,4,150,0.15,510.0,360.0,150.0,Online
658,2023-07-12,North,Phone,Electronics,1,600,0.1,540.0,360.0,180.0,In-Store
659,2023-03-12,West,Phone,Electronics,2,600,0.15,1020.0,720.0,300.0,Online
660,2023-10-29,East,Monitor,Electronics,1,300,0.15,255.0,180.0,75.0,In-Store
661,2023-04-20,West,Headphones,Accessories,4,150,0.0,600.0,360.0,240.0,In-Store
662,2023-04-17,South,Headphones,Accessories,3,150,0.0,450.0,270.0,180.0,Online
663,2023-09-23,North,Headphones,Accessories,1,150,0.15,127.5,90.0,37.5,Online
664,2023-08-07,West,Headphones,Accessories,5,150,0.0,750.0,450.0,300.0,In-Store
665,2023-04-23,East,Laptop,Electronics,5,800,0.1,3600.0,2400.0,1200.0,Online
666,2023-12-21,West,Headphones,Accessories,5,150,0.15,637.5,450.0,187.5,Online
667,2023-01-25,West,Headphones,Accessories,4,150,0.0,600.0,360.0,240.0,Online
668,2023-11-13,North,Phone,Electronics,5,600,0.0,3000.0,1800.0,1200.0,Online
669,2023-08-22,West,Phone,Electronics,5,600,0.05,2850.0,1800.0,1050.0,In-Store
670,2023-06-12,North,Phone,Electronics,3,600,0.05,1710.0,1080.0,630.0,Online
671,2023-10-20,East,Laptop,Electronics,2,800,0.0,1600.0,960.0,640.0,Online
672,2023-08-04,South,Headphones,Accessories,3,150,0.15,382.5,270.0,112.5,Online
673,2023-02-18,West,Tablet,Electronics,1,400,0.05,380.0,240.0,140.0,Online
674,2023-11-22,East,Laptop,Electronics,1,800,0.05,760.0,480.0,280.0,In-Store
675,2023-11-15,South,Phone,Electronics,2,600,0.05,1140.0,720.0,420.0,In-Store
676,2023-12-04,West,Phone,Electronics,1,600,0.05,570.0,360.0,210.0,Online
677,2023-05-11,South,Laptop,Electronics,4,800,0.05,3040.0,1920.0,1120.0,Online
678,2023-02-23,West,Headphones,Accessories,4,150,0.1,540.0,360.0,180.0,In-Store
679,2023-07-13,East,Laptop,Electronics,1,800,0.0,800.0,480.0,320.0,Online
680,2023-09-29,South,Headphones,Accessories,3,150,0.1,405.0,270.0,135.0,In-Store
681,2023-07-10,West,Tablet,Electronics,4,400,0.0,1600.0,960.0,640.0,In-Store
682,2023-06-07,North,Headphones,Accessories,4,150,0.0,600.0,360.0,240.0,In-Store
683,2023-05-22,North,Tablet,Electronics,4,400,0.05,1520.0,960.0,560.0,In-Store
684,2023-08-03,South,Tablet,Electronics,4,400,0.15,1360.0,960.0,400.0,In-Store
685,2023-12-17,East,Tablet,Electronics,4,400,0.1,1440.0,960.0,480.0,In-Store
686,2023-07-24,North,Headphones,Accessories,2,150,0.15,255.0,180.0,75.0,In-Store
687,2023-07-10,North,Laptop,Electronics,5,800,0.05,3800.0,2400.0,1400.0,Online
688,2023-07-20,East,Tablet,Electronics,3,400,0.1,1080.0,720.0,360.0,In-Store
689,2023-04-22,South,Phone,Electronics,3,600,0.1,1620.0,1080.0,540.0,In-Store
690,2023-10-17,South,Laptop,Electronics,1,800,0.15,680.0,480.0,200.0,Online
691,2023-07-21,East,Headphones,Accessories,5,150,0.1,675.0,450.0,225.0,In-Store
692,2023-04-25,East,Phone,Electronics,2,600,0.05,1140.0,720.0,420.0,Online
693,2023-08-21,East,Laptop,Electronics,3,800,0.0,2400.0,1440.0,960.0,Online
694,2023-07-11,South,Monitor,Electronics,1,300,0.15,255.0,180.0,75.0,In-Store
695,2023-11-10,West,Tablet,Electronics,5,400,0.0,2000.0,1200.0,800.0,Online
696,2023-10-11,West,Tablet,Electronics,3,400,0.1,1080.0,720.0,360.0,Online
697,2023-11-20,North,Monitor,Electronics,5,300,0.1,1350.0,900.0,450.0,Online
698,2023-09-20,West,Monitor,Electronics,5,300,0.0,1500.0,900.0,600.0,In-Store
699,2023-10-28,South,Tablet,Electronics,1,400,0.0,400.0,240.0,160.0,Online
700,2023-06-14,East,Tablet,Electronics,1,400,0.15,340.0,240.0,100.0,Online
701,2023-06-14,North,Headphones,Accessories,3,150,0.0,450.0,270.0,180.0,In-Store
702,2023-01-08,South,Headphones,Accessories,1,150,0.0,150.0,90.0,60.0,Online
703,2023-05-06,East,Laptop,Electronics,1,800,0.05,760.0,480.0,280.0,In-Store
704,2023-03-23,South,Phone,Electronics,5,600,0.1,2700.0,1800.0,900.0,Online
705,2023-04-05,North,Monitor,Electronics,3,300,0.15,765.0,540.0,225.0,Online
706,2023-02-11,East,Headphones,Accessories,1,150,0.15,127.5,90.0,37.5,In-Store
707,2023-10-28,West,Phone,Electronics,2,600,0.15,1020.0,720.0,300.0,In-Store
708,2023-09-07,North,Headphones,Accessories,2,150,0.15,255.0,180.0,75.0,Online
709,2023-12-19,North,Tablet,Electronics,5,400,0.1,1800.0,1200.0,600.0,In-Store
710,2023-12-28,West,Tablet,Electronics,4,400,0.0,1600.0,960.0,640.0,In-Store
711,2023-03-25,West,Tablet,Electronics,4,400,0.1,1440.0,960.0,480.0,Online
712,2023-09-14,South,Tablet,Electronics,4,400,0.0,1600.0,960.0,640.0,Online
713,2023-07-31,South,Phone,Electronics,3,600,0.1,1620.0,1080.0,540.0,In-Store
714,2023-11-22,East,Monitor,Electronics,5,300,0.15,1275.0,900.0,375.0,In-Store
715,2023-05-08,North,Phone,Electronics,4,600,0.15,2040.0,1440.0,600.0,In-Store
716,2023-07-04,East,Laptop,Electronics,2,800,0.1,1440.0,960.0,480.0,Online
717,2023-07-13,North,Monitor,Electronics,5,300,0.05,1425.0,900.0,525.0,In-Store
718,2023-03-27,North,Phone,Electronics,1,600,0.0,600.0,360.0,240.0,Online
719,2023-04-28,West,Phone,Electronics,5,600,0.1,2700.0,1800.0,900.0,In-Store
720,2023-06-21,North,Tablet,Electronics,2,400,0.0,800.0,480.0,320.0,In-Store
721,2023-04-30,North,Laptop,Electronics,2,800,0.1,1440.0,960.0,480.0,In-Store
722,2023-05-21,North,Phone,Electronics,2,600,0.05,1140.0,720.0,420.0,In-Store
723,2023-06-13,South,Headphones,Accessories,5,150,0.15,637.5,450.0,187.5,In-Store
724,2023-04-27,West,Monitor,Electronics,4,300,0.1,1080.0,720.0,360.0,Online
725,2023-03-26,North,Monitor,Electronics,1,300,0.15,255.0,180.0,75.0,In-Store
726,2023-04-18,North,Phone,Electronics,1,600,0.05,570.0,360.0,210.0,In-Store
727,2023-02-20,South,Laptop,Electronics,1,800,0.1,720.0,480.0,240.0,In-Store
728,2023-05-21,South,Monitor,Electronics,3,300,0.0,900.0,540.0,360.0,Online
729,2023-09-23,South,Headphones,Accessories,3,150,0.15,382.5,270.0,112.5,Online
730,2023-01-28,West,Phone,Electronics,3,600,0.0,1800.0,1080.0,720.0,In-Store
731,2023-07-06,South,Monitor,Electronics,4,300,0.1,1080.0,720.0,360.0,Online
732,2023-01-30,South,Tablet,Electronics,2,400,0.0,800.0,480.0,320.0,In-Store
733,2023-07-25,North,Monitor,Electronics,5,300,0.05,1425.0,900.0,525.0,Online
734,2023-03-20,North,Laptop,Electronics,1,800,0.05,760.0,480.0,280.0,Online
735,2023-04-17,West,Phone,Electronics,5,600,0.15,2550.0,1800.0,750.0,Online
736,2023-10-31,East,Laptop,Electronics,5,800,0.0,4000.0,2400.0,1600.0,In-Store
737,2023-11-07,South,Headphones,Accessories,5,150,0.1,675.0,450.0,225.0,In-Store
738,2023-09-19,North,Monitor,Electronics,1,300,0.05,285.0,180.0,105.0,In-Store
739,2023-03-15,North,Phone,Electronics,4,600,0.1,2160.0,1440.0,720.0,In-Store
740,2023-08-22,North,Tablet,Electronics,1,400,0.0,400.0,240.0,160.0,Online
741,2023-08-21,South,Phone,Electronics,1,600,0.05,570.0,360.0,210.0,In-Store
742,2023-06-17,South,Monitor,Electronics,4,300,0.05,1140.0,720.0,420.0,In-Store
743,2023-04-29,South,Laptop,Electronics,4,800,0.15,2720.0,1920.0,800.0,Online
744,2023-06-26,East,Headphones,Accessories,4,150,0.15,510.0,360.0,150.0,In-Store
745,2023-11-11,West,Headphones,Accessories,4,150,0.15,510.0,360.0,150.0,In-Store
746,2023-10-24,South,Monitor,Electronics,2,300,0.05,570.0,360.0,210.0,In-Store
747,2023-11-13,South,Headphones,Accessories,1,150,0.0,150.0,90.0,60.0,Online
748,2023-05-28,East,Phone,Electronics,1,600,0.05,570.0,360.0,210.0,In-Store
749,2023-07-31,North,Headphones,Accessories,2,150,0.1,270.0,180.0,90.0,Online
750,2023-06-07,North,Monitor,Electronics,5,300,0.15,1275.0,900.0,375.0,Online
751,2023-09-24,East,Tablet,Electronics,1,400,0.15,340.0,240.0,100.0,Online
752,2023-04-20,North,Monitor,Electronics,4,300,0.15,1020.0,720.0,300.0,Online
753,2023-12-26,North,Tablet,Electronics,5,400,0.15,1700.0,1200.0,500.0,Online
754,2023-10-06,South,Monitor,Electronics,1,300,0.0,300.0,180.0,120.0,In-Store
755,2023-01-29,West,Phone,Electronics,4,600,0.1,2160.0,1440.0,720.0,Online
756,2023-01-02,South,Monitor,Electronics,4,300,0.05,1140.0,720.0,420.0,In-Store
757,2023-03-10,North,Tablet,Electronics,2,400,0.05,760.0,480.0,280.0,Online
758,2023-01-14,South,Phone,Electronics,3,600,0.0,1800.0,1080.0,720.0,Online
759,2023-08-21,North,Tablet,Electronics,3,400,0.0,1200.0,720.0,480.0,Online
760,2023-11-05,West,Headphones,Accessories,3,150,0.15,382.5,270.0,112.5,In-Store
761,2023-05-27,South,Monitor,Electronics,5,300,0.15,1275.0,900.0,375.0,In-Store
762,2023-09-12,East,Phone,Electronics,2,600,0.15,1020.0,720.0,300.0,In-Store
763,2023-08-23,East,Phone,Electronics,1,600,0.0,600.0,360.0,240.0,In-Store
764,2023-06-01,South,Tablet,Electronics,1,400,0.05,380.0,240.0,140.0,Online
765,2023-07-24,South,Phone,Electronics,1,600,0.1,540.0,360.0,180.0,Online
766,2023-04-20,East,Laptop,Electronics,2,800,0.1,1440.0,960.0,480.0,Online
767,2023-12-08,West,Monitor,Electronics,2,300,0.0,600.0,360.0,240.0,Online
768,2023-06-19,East,Laptop,Electronics,3,800,0.0,2400.0,1440.0,960.0,Online
769,2023-08-11,South,Phone,Electronics,4,600,0.15,2040.0,1440.0,600.0,Online
770,2023-03-13,North,Monitor,Electronics,5,300,0.1,1350.0,900.0,450.0,Online
771,2023-03-10,East,Headphones,Accessories,1,150,0.0,150.0,90.0,60.0,Online
772,2023-08-30,South,Laptop,Electronics,3,800,0.15,2040.0,1440.0,600.0,Online
773,2023-11-22,West,Monitor,Electronics,1,300,0.0,300.0,180.0,120.0,In-Store
774,2023-12-19,South,Laptop,Electronics,3,800,0.15,2040.0,1440.0,600.0,In-Store
775,2023-04-16,East,Tablet,Electronics,2,400,0.0,800.0,480.0,320.0,In-Store
776,2023-04-18,East,Headphones,Accessories,1,150,0.0,150.0,90.0,60.0,In-Store
777,2023-01-15,West,Tablet,Electronics,5,400,0.0,2000.0,1200.0,800.0,Online
778,2023-04-06,East,Laptop,Electronics,2,800,0.15,1360.0,960.0,400.0,Online
779,2023-06-08,North,Monitor,Electronics,2,300,0.1,540.0,360.0,180.0,In-Store
780,2023-04-29,West,Laptop,Electronics,5,800,0.05,3800.0,2400.0,1400.0,In-Store
781,2023-11-27,East,Monitor,Electronics,1,300,0.0,300.0,180.0,120.0,In-Store
782,2023-12-02,East,Headphones,Accessories,3,150,0.0,450.0,270.0,180.0,Online
783,2023-04-15,East,Tablet,Electronics,1,400,0.1,360.0,240.0,120.0,Online
784,2023-12-31,North,Laptop,Electronics,1,800,0.1,720.0,480.0,240.0,Online
785,2023-12-08,West,Phone,Electronics,1,600,0.1,540.0,360.0,180.0,Online
786,2023-09-03,East,Laptop,Electronics,2,800,0.05,1520.0,960.0,560.0,In-Store
787,2023-05-17,North,Headphones,Accessories,2,150,0.0,300.0,180.0,120.0,Online
788,2023-10-22,East,Monitor,Electronics,5,300,0.05,1425.0,900.0,525.0,In-Store
789,2023-06-15,East,Phone,Electronics,3,600,0.05,1710.0,1080.0,630.0,Online
790,2023-02-16,South,Phone,Electronics,2,600,0.15,1020.0,720.0,300.0,Online
791,2023-04-01,East,Headphones,Accessories,4,150,0.15,510.0,360.0,150.0,Online
792,2023-10-20,West,Laptop,Electronics,2,800,0.05,1520.0,960.0,560.0,In-Store
793,2023-12-08,East,Headphones,Accessories,2,150,0.15,255.0,180.0,75.0,Online
794,2023-05-06,West,Headphones,Accessories,3,150,0.0,450.0,270.0,180.0,In-Store
795,2023-06-02,East,Monitor,Electronics,5,300,0.1,1350.0,900.0,450.0,Online
796,2023-01-12,North,Phone,Electronics,2,600,0.05,1140.0,720.0,420.0,Online
797,2023-05-12,South,Laptop,Electronics,2,800,0.0,1600.0,960.0,640.0,In-Store
798,2023-05-18,South,Phone,Electronics,1,600,0.0,600.0,360.0,240.0,Online
799,2023-01-22,East,Tablet,Electronics,2,400,0.15,680.0,480.0,200.0,Online
800,2023-05-26,North,Headphones,Accessories,1,150,0.1,135.0,90.0,45.0,Online
801,2023-10-27,East,Phone,Electronics,3,600,0.1,1620.0,1080.0,540.0,In-Store
802,2023-05-04,South,Phone,Electronics,2,600,0.15,1020.0,720.0,300.0,Online
803,2023-11-01,North,Phone,Electronics,3,600,0.0,1800.0,1080.0,720.0,Online
804,2023-11-11,West,Phone,Electronics,1,600,0.1,540.0,360.0,180.0,In-Store
805,2023-12-30,East,Phone,Electronics,3,600,0.05,1710.0,1080.0,630.0,In-Store
806,2023-03-02,West,Headphones,Accessories,5,150,0.1,675.0,450.0,225.0,Online
807,2023-07-25,North,Monitor,Electronics,4,300,0.0,1200.0,720.0,480.0,In-Store
808,2023-07-17,North,Headphones,Accessories,1,150,0.15,127.5,90.0,37.5,In-Store
809,2023-05-21,East,Tablet,Electronics,2,400,0.0,800.0,480.0,320.0,Online
810,2023-11-13,West,Laptop,Electronics,2,800,0.1,1440.0,960.0,480.0,In-Store
811,2023-06-29,West,Monitor,Electronics,3,300,0.0,900.0,540.0,360.0,In-Store
812,2023-03-04,West,Laptop,Electronics,5,800,0.05,3800.0,2400.0,1400.0,Online
813,2023-12-06,East,Monitor,Electronics,3,300,0.05,855.0,540.0,315.0,Online
814,2023-08-16,South,Monitor,Electronics,4,300,0.1,1080.0,720.0,360.0,Online
815,2023-02-25,South,Tablet,Electronics,4,400,0.0,1600.0,960.0,640.0,Online
816,2023-01-12,West,Headphones,Accessories,3,150,0.15,382.5,270.0,112.5,In-Store
817,2023-01-08,West,Headphones,Accessories,5,150,0.1,675.0,450.0,225.0,Online
818,2023-10-26,East,Tablet,Electronics,2,400,0.15,680.0,480.0,200.0,Online
819,2023-11-21,East,Phone,Electronics,2,600,0.15,1020.0,720.0,300.0,In-Store
820,2023-01-23,North,Monitor,Electronics,3,300,0.0,900.0,540.0,360.0,Online
821,2023-09-22,East,Headphones,Accessories,3,150,0.1,405.0,270.0,135.0,Online
822,2023-12-24,North,Tablet,Electronics,2,400,0.1,720.0,480.0,240.0,Online
823,2023-08-13,West,Tablet,Electronics,4,400,0.15,1360.0,960.0,400.0,In-Store
824,2023-06-27,East,Tablet,Electronics,5,400,0.05,1900.0,1200.0,700.0,Online
825,2023-11-05,East,Tablet,Electronics,1,400,0.05,380.0,240.0,140.0,Online
826,2023-11-03,West,Headphones,Accessories,3,150,0.1,405.0,270.0,135.0,Online
827,2023-11-02,West,Phone,Electronics,3,600,0.05,1710.0,1080.0,630.0,In-Store
828,2023-10-18,North,Headphones,Accessories,4,150,0.05,570.0,360.0,210.0,Online
829,2023-12-09,West,Monitor,Electronics,2,300,0.05,570.0,360.0,210.0,Online
830,2023-07-28,West,Laptop,Electronics,5,800,0.0,4000.0,2400.0,1600.0,In-Store
831,2023-07-01,East,Headphones,Accessories,3,150,0.15,382.5,270.0,112.5,In-Store
832,2023-09-11,North,Monitor,Electronics,3,300,0.0,900.0,540.0,360.0,In-Store
833,2023-03-30,West,Tablet,Electronics,2,400,0.1,720.0,480.0,240.0,In-Store
834,2023-05-28,East,Phone,Electronics,5,600,0.0,3000.0,1800.0,1200.0,In-Store
835,2023-07-18,North,Monitor,Electronics,5,300,0.1,1350.0,900.0,450.0,In-Store
836,2023-10-17,East,Laptop,Electronics,2,800,0.0,1600.0,960.0,640.0,Online
837,2023-11-15,West,Monitor,Electronics,1,300,0.15,255.0,180.0,75.0,Online
838,2023-01-29,North,Laptop,Electronics,2,800,0.05,1520.0,960.0,560.0,In-Store
839,2023-09-18,North,Monitor,Electronics,3,300,0.05,855.0,540.0,315.0,Online
840,2023-10-20,East,Monitor,Electronics,5,300,0.1,1350.0,900.0,450.0,Online
841,2023-07-23,North,Headphones,Accessories,4,150,0.1,540.0,360.0,180.0,Online
842,2023-03-15,West,Tablet,Electronics,3,400,0.15,1020.0,720.0,300.0,In-Store
843,2023-04-04,South,Monitor,Electronics,2,300,0.1,540.0,360.0,180.0,Online
844,2023-12-21,East,Headphones,Accessories,3,150,0.15,382.5,270.0,112.5,In-Store
845,2023-06-26,East,Headphones,Accessories,4,150,0.05,570.0,360.0,210.0,Online
846,2023-09-14,West,Headphones,Accessories,5,150,0.0,750.0,450.0,300.0,In-Store
847,2023-05-24,West,Laptop,Electronics,2,800,0.0,1600.0,960.0,640.0,In-Store
848,2023-02-07,East,Phone,Electronics,5,600,0.05,2850.0,1800.0,1050.0,In-Store
849,2023-11-13,West,Tablet,Electronics,3,400,0.15,1020.0,720.0,300.0,Online
850,2023-06-29,North,Tablet,Electronics,5,400,0.05,1900.0,1200.0,700.0,In-Store
851,2023-05-05,East,Phone,Electronics,1,600,0.15,510.0,360.0,150.0,In-Store
852,2023-03-07,North,Tablet,Electronics,5,400,0.05,1900.0,1200.0,700.0,Online
853,2023-08-02,East,Monitor,Electronics,1,300,0.05,285.0,180.0,105.0,Online
854,2023-10-31,South,Tablet,Electronics,5,400,0.05,1900.0,1200.0,700.0,In-Store
855,2023-08-24,North,Tablet,Electronics,2,400,0.05,760.0,480.0,280.0,Online
856,2023-12-23,South,Headphones,Accessories,1,150,0.15,127.5,90.0,37.5,In-Store
857,2023-09-23,East,Headphones,Accessories,3,150,0.05,427.5,270.0,157.5,Online
858,2023-04-21,North,Monitor,Electronics,4,300,0.1,1080.0,720.0,360.0,In-Store
859,2023-10-21,East,Phone,Electronics,3,600,0.1,1620.0,1080.0,540.0,In-Store
860,2023-06-09,West,Monitor,Electronics,4,300,0.15,1020.0,720.0,300.0,Online
861,2023-05-11,West,Headphones,Accessories,3,150,0.1,405.0,270.0,135.0,Online
862,2023-10-11,West,Tablet,Electronics,2,400,0.15,680.0,480.0,200.0,In-Store
863,2023-09-30,East,Laptop,Electronics,3,800,0.05,2280.0,1440.0,840.0,In-Store
864,2023-05-02,West,Phone,Electronics,1,600,0.15,510.0,360.0,150.0,Online
865,2023-04-02,South,Phone,Electronics,4,600,0.1,2160.0,1440.0,720.0,Online
866,2023-03-03,North,Laptop,Electronics,5,800,0.0,4000.0,2400.0,1600.0,Online
867,2023-12-16,East,Headphones,Accessories,2,150,0.1,270.0,180.0,90.0,Online
868,2023-06-10,West,Monitor,Electronics,5,300,0.1,1350.0,900.0,450.0,Online
869,2023-07-21,North,Phone,Electronics,5,600,0.05,2850.0,1800.0,1050.0,In-Store
870,2023-10-15,East,Monitor,Electronics,5,300,0.05,1425.0,900.0,525.0,Online
871,2023-11-25,West,Tablet,Electronics,4,400,0.05,1520.0,960.0,560.0,Online
872,2023-10-24,East,Phone,Electronics,1,600,0.0,600.0,360.0,240.0,In-Store
873,2023-06-25,South,Phone,Electronics,4,600,0.05,2280.0,1440.0,840.0,Online
874,2023-10-18,North,Headphones,Accessories,2,150,0.1,270.0,180.0,90.0,Online
875,2023-04-19,East,Phone,Electronics,5,600,0.15,2550.0,1800.0,750.0,In-Store
876,2023-09-26,North,Laptop,Electronics,2,800,0.0,1600.0,960.0,640.0,In-Store
877,2023-12-24,East,Tablet,Electronics,2,400,0.1,720.0,480.0,240.0,In-Store
878,2023-03-21,South,Phone,Electronics,1,600,0.0,600.0,360.0,240.0,Online
879,2023-07-23,West,Monitor,Electronics,4,300,0.1,1080.0,720.0,360.0,Online
880,2023-08-30,North,Phone,Electronics,3,600,0.05,1710.0,1080.0,630.0,In-Store
881,2023-08-07,South,Monitor,Electronics,3,300,0.0,900.0,540.0,360.0,Online
882,2023-11-06,North,Phone,Electronics,4,600,0.05,2280.0,1440.0,840.0,In-Store
883,2023-06-21,North,Phone,Electronics,1,600,0.05,570.0,360.0,210.0,Online
884,2023-09-21,South,Laptop,Electronics,3,800,0.15,2040.0,1440.0,600.0,In-Store
885,2023-12-13,South,Monitor,Electronics,1,300,0.0,300.0,180.0,120.0,Online
886,2023-11-16,West,Tablet,Electronics,3,400,0.15,1020.0,720.0,300.0,Online
887,2023-10-25,East,Laptop,Electronics,2,800,0.0,1600.0,960.0,640.0,Online
888,2023-03-11,South,Phone,Electronics,5,600,0.0,3000.0,1800.0,1200.0,Online
889,2023-06-12,North,Tablet,Electronics,4,400,0.15,1360.0,960.0,400.0,In-Store
890,2023-04-19,South,Phone,Electronics,5,600,0.1,2700.0,1800.0,900.0,Online
891,2023-03-12,East,Headphones,Accessories,1,150,0.05,142.5,90.0,52.5,Online
892,2023-01-29,South,Headphones,Accessories,5,150,0.05,712.5,450.0,262.5,In-Store
893,2023-11-20,West,Tablet,Electronics,3,400,0.15,1020.0,720.0,300.0,Online
894,2023-01-19,West,Laptop,Electronics,5,800,0.15,3400.0,2400.0,1000.0,Online
895,2023-08-01,East,Laptop,Electronics,3,800,0.05,2280.0,1440.0,840.0,In-Store
896,2023-09-07,North,Headphones,Accessories,5,150,0.0,750.0,450.0,300.0,In-Store
897,2023-05-13,East,Phone,Electronics,2,600,0.1,1080.0,720.0,360.0,In-Store
898,2023-04-26,East,Headphones,Accessories,1,150,0.0,150.0,90.0,60.0,In-Store
899,2023-01-21,East,Phone,Electronics,2,600,0.1,1080.0,720.0,360.0,Online
900,2023-06-16,South,Phone,Electronics,3,600,0.15,1530.0,1080.0,450.0,Online
901,2023-02-18,East,Laptop,Electronics,5,800,0.1,3600.0,2400.0,1200.0,Online
902,2023-07-10,South,Headphones,Accessories,5,150,0.1,675.0,450.0,225.0,In-Store
903,2023-12-03,East,Phone,Electronics,2,600,0.15,1020.0,720.0,300.0,Online
904,2023-03-04,West,Headphones,Accessories,5,150,0.1,675.0,450.0,225.0,In-Store
905,2023-03-02,North,Phone,Electronics,5,600,0.1,2700.0,1800.0,900.0,In-Store
906,2023-04-13,South,Monitor,Electronics,2,300,0.15,510.0,360.0,150.0,Online
907,2023-01-29,North,Phone,Electronics,3,600,0.0,1800.0,1080.0,720.0,In-Store
908,2023-09-22,South,Tablet,Electronics,1,400,0.15,340.0,240.0,100.0,Online
909,2023-12-14,North,Monitor,Electronics,3,300,0.05,855.0,540.0,315.0,Online
910,2023-12-30,South,Monitor,Electronics,3,300,0.1,810.0,540.0,270.0,Online
911,2023-02-26,West,Phone,Electronics,2,600,0.15,1020.0,720.0,300.0,In-Store
912,2023-04-30,East,Tablet,Electronics,5,400,0.1,1800.0,1200.0,600.0,In-Store
913,2023-07-29,North,Tablet,Electronics,3,400,0.1,1080.0,720.0,360.0,Online
914,2023-12-17,East,Headphones,Accessories,3,150,0.05,427.5,270.0,157.5,Online
915,2023-05-08,West,Monitor,Electronics,4,300,0.1,1080.0,720.0,360.0,In-Store
916,2023-10-31,North,Monitor,Electronics,3,300,0.15,765.0,540.0,225.0,Online
917,2023-11-12,North,Laptop,Electronics,5,800,0.1,3600.0,2400.0,1200.0,Online
918,2023-02-04,North,Laptop,Electronics,5,800,0.0,4000.0,2400.0,1600.0,Online
919,2023-06-13,North,Headphones,Accessories,4,150,0.0,600.0,360.0,240.0,In-Store
920,2023-03-03,North,Tablet,Electronics,5,400,0.0,2000.0,1200.0,800.0,In-Store
921,2023-04-17,West,Phone,Electronics,2,600,0.05,1140.0,720.0,420.0,In-Store
922,2023-07-23,East,Monitor,Electronics,5,300,0.0,1500.0,900.0,600.0,Online
923,2023-05-14,West,Headphones,Accessories,1,150,0.15,127.5,90.0,37.5,In-Store
924,2023-09-19,South,Headphones,Accessories,2,150,0.05,285.0,180.0,105.0,Online
925,2023-11-07,South,Headphones,Accessories,5,150,0.15,637.5,450.0,187.5,Online
926,2023-07-15,East,Phone,Electronics,1,600,0.15,510.0,360.0,150.0,Online
927,2023-01-09,South,Laptop,Electronics,5,800,0.0,4000.0,2400.0,1600.0,Online
928,2023-12-06,East,Monitor,Electronics,3,300,0.05,855.0,540.0,315.0,Online
929,2023-06-30,South,Tablet,Electronics,3,400,0.05,1140.0,720.0,420.0,Online
930,2023-08-11,South,Headphones,Accessories,1,150,0.15,127.5,90.0,37.5,In-Store
931,2023-10-22,East,Laptop,Electronics,2,800,0.15,1360.0,960.0,400.0,In-Store
932,2023-07-09,South,Tablet,Electronics,1,400,0.1,360.0,240.0,120.0,In-Store
933,2023-06-17,East,Laptop,Electronics,2,800,0.15,1360.0,960.0,400.0,Online
934,2023-03-15,East,Monitor,Electronics,3,300,0.15,765.0,540.0,225.0,Online
935,2023-07-05,North,Phone,Electronics,3,600,0.05,1710.0,1080.0,630.0,In-Store
936,2023-10-25,East,Laptop,Electronics,5,800,0.1,3600.0,2400.0,1200.0,Online
937,2023-12-29,North,Laptop,Electronics,2,800,0.15,1360.0,960.0,400.0,Online
938,2023-12-17,West,Monitor,Electronics,1,300,0.05,285.0,180.0,105.0,Online
939,2023-04-26,South,Monitor,Electronics,3,300,0.15,765.0,540.0,225.0,In-Store
940,2023-07-06,North,Tablet,Electronics,4,400,0.05,1520.0,960.0,560.0,In-Store
941,2023-11-26,East,Phone,Electronics,2,600,0.0,1200.0,720.0,480.0,Online
942,2023-12-20,South,Monitor,Electronics,4,300,0.1,1080.0,720.0,360.0,Online
943,2023-10-30,West,Tablet,Electronics,1,400,0.1,360.0,240.0,120.0,Online
944,2023-07-29,South,Phone,Electronics,1,600,0.0,600.0,360.0,240.0,Online
945,2023-01-30,South,Headphones,Accessories,4,150,0.05,570.0,360.0,210.0,Online
946,2023-12-03,West,Phone,Electronics,2,600,0.05,1140.0,720.0,420.0,In-Store
947,2023-07-14,West,Tablet,Electronics,2,400,0.15,680.0,480.0,200.0,In-Store
948,2023-04-07,West,Monitor,Electronics,4,300,0.05,1140.0,720.0,420.0,Online
949,2023-09-15,South,Headphones,Accessories,4,150,0.15,510.0,360.0,150.0,Online
950,2023-11-23,North,Monitor,Electronics,3,300,0.05,855.0,540.0,315.0,In-Store
951,2023-06-02,North,Phone,Electronics,1,600,0.1,540.0,360.0,180.0,In-Store
952,2023-03-17,South,Laptop,Electronics,2,800,0.1,1440.0,960.0,480.0,Online
953,2023-03-02,East,Monitor,Electronics,2,300,0.15,510.0,360.0,150.0,In-Store
954,2023-10-02,North,Tablet,Electronics,2,400,0.0,800.0,480.0,320.0,In-Store
955,2023-02-01,West,Phone,Electronics,1,600,0.0,600.0,360.0,240.0,In-Store
956,2023-05-08,West,Phone,Electronics,5,600,0.1,2700.0,1800.0,900.0,In-Store
957,2023-07-05,East,Laptop,Electronics,1,800,0.0,800.0,480.0,320.0,In-Store
958,2023-12-07,South,Monitor,Electronics,2,300,0.1,540.0,360.0,180.0,In-Store
959,2023-07-17,East,Headphones,Accessories,2,150,0.0,300.0,180.0,120.0,In-Store
960,2023-12-13,East,Monitor,Electronics,5,300,0.1,1350.0,900.0,450.0,Online
961,2023-11-08,North,Tablet,Electronics,4,400,0.15,1360.0,960.0,400.0,Online
962,2023-07-28,West,Laptop,Electronics,5,800,0.05,3800.0,2400.0,1400.0,Online
963,2023-09-14,East,Phone,Electronics,2,600,0.05,1140.0,720.0,420.0,In-Store
964,2023-05-15,West,Tablet,Electronics,5,400,0.0,2000.0,1200.0,800.0,In-Store
965,2023-06-13,West,Monitor,Electronics,2,300,0.05,570.0,360.0,210.0,Online
966,2023-05-30,East,Monitor,Electronics,4,300,0.15,1020.0,720.0,300.0,Online
967,2023-12-03,East,Laptop,Electronics,1,800,0.0,800.0,480.0,320.0,Online
968,2023-08-12,West,Headphones,Accessories,4,150,0.1,540.0,360.0,180.0,Online
969,2023-08-06,South,Phone,Electronics,2,600,0.0,1200.0,720.0,480.0,In-Store
970,2023-09-03,East,Monitor,Electronics,1,300,0.0,300.0,180.0,120.0,Online
971,2023-02-26,North,Laptop,Electronics,2,800,0.15,1360.0,960.0,400.0,Online
972,2023-01-06,North,Monitor,Electronics,4,300,0.0,1200.0,720.0,480.0,Online
973,2023-07-03,North,Headphones,Accessories,4,150,0.15,510.0,360.0,150.0,In-Store
974,2023-12-24,West,Headphones,Accessories,1,150,0.15,127.5,90.0,37.5,Online
975,2023-05-29,North,Monitor,Electronics,3,300,0.05,855.0,540.0,315.0,In-Store
976,2023-02-24,South,Phone,Electronics,4,600,0.05,2280.0,1440.0,840.0,In-Store
977,2023-09-11,South,Headphones,Accessories,1,150,0.1,135.0,90.0,45.0,Online
978,2023-04-21,North,Monitor,Electronics,3,300,0.05,855.0,540.0,315.0,In-Store
979,2023-07-10,West,Headphones,Accessories,3,150,0.1,405.0,270.0,135.0,Online
980,2023-09-14,West,Phone,Electronics,3,600,0.1,1620.0,1080.0,540.0,Online
981,2023-02-05,East,Tablet,Electronics,1,400,0.05,380.0,240.0,140.0,Online
982,2023-12-05,North,Headphones,Accessories,3,150,0.1,405.0,270.0,135.0,In-Store
983,2023-01-07,West,Monitor,Electronics,2,300,0.05,570.0,360.0,210.0,Online
984,2023-09-29,North,Monitor,Electronics,1,300,0.1,270.0,180.0,90.0,Online
985,2023-04-30,West,Phone,Electronics,3,600,0.1,1620.0,1080.0,540.0,Online
986,2023-10-06,South,Headphones,Accessories,3,150,0.1,405.0,270.0,135.0,Online
987,2023-10-12,East,Phone,Electronics,4,600,0.0,2400.0,1440.0,960.0,In-Store
988,2023-07-11,North,Headphones,Accessories,4,150,0.1,540.0,360.0,180.0,In-Store
989,2023-11-04,North,Phone,Electronics,3,600,0.05,1710.0,1080.0,630.0,Online
990,2023-03-17,North,Monitor,Electronics,2,300,0.0,600.0,360.0,240.0,Online
991,2023-10-01,East,Phone,Electronics,2,600,0.05,1140.0,720.0,420.0,Online
992,2023-01-30,West,Monitor,Electronics,5,300,0.05,1425.0,900.0,525.0,In-Store
993,2023-04-10,South,Tablet,Electronics,1,400,0.05,380.0,240.0,140.0,Online
994,2023-08-31,South,Monitor,Electronics,3,300,0.1,810.0,540.0,270.0,In-Store
995,2023-02-22,North,Headphones,Accessories,5,150,0.15,637.5,450.0,187.5,In-Store
996,2023-10-03,East,Tablet,Electronics,3,400,0.05,1140.0,720.0,420.0,Online
997,2023-02-28,East,Headphones,Accessories,4,150,0.15,510.0,360.0,150.0,In-Store
998,2023-04-24,North,Tablet,Electronics,1,400,0.0,400.0,240.0,160.0,In-Store
999,2023-09-14,West,Tablet,Electronics,3,400,0.1,1080.0,720.0,360.0,In-Store
1000,2023-07-16,South,Phone,Electronics,2,600,0.0,1200.0,720.0,480.0,Online
